Nabil,,Aref,,,,,,,
Date,name,english,manufacturer,details,type,ุชู ูุฑุงุฌุนุชูุ,ุฏุงุนู\ุจุฏููุ,ุงูุณุจุจ ุงู ูุนูููุงุช ุงุถุงููุฉ,ุงูููุน
12/22/2023,ุฌุฑูู ูููุชููุฒ,green mocktails,ุดุฑูุฉ ูููุณ ุชููุฏุฑ,ุดุฑูุฉ ุฌุฑูู ูููุง ูุตุฑ ู ูููุณ ุชููุฏุฑ,alternative,,,,
1/1/2024,ููุฏูููู,Mandolin,ูุงุฏุจูุฑู,ุฏุนู ุงูููุงู ุงูุตููููู,boycott,,,,
1/3/2024,ุฌูููุง,Jumia,Jumia Technologies AG,ุจุฏูู ููููุน ุงูุงุฒูู ู ูููู ููุชุณูู ุนุจุฑ ุงูุงูุชุฑูุช,alternative,,,,
1/3/2024,ุชุฑูู,ุฑูู,ุจูุฑุงููุฏุฒ ููุชุฌููู,ููุชุฌ ูุญูู ุบุงูุจุง,alternative,,,,
1/3/2024,ุจูุจุณู,Pepsi,Pepsi,ุตูููููู,boycott,,,,
1/3/2024,ุฌุฑูู ูููุง ,Green Cola,Green Cola Hellas,ููุชุฌ ูููุงูู ูุบุงูุจุงู ุฏุงุนู ูู ุจุญุซ ุณุฑูุน ุนูู ุฌูุฌู ูููู ูุณุช ูุชุงูุฏ ูกูููช,unsure,,,,
1/3/2024,ููู ุฏูุช ููู,Noon,ูุญูุฏ ุงูุนุจุงุฑ,ุฏุนู ุงุณุฑุงุฆูู ูุงุฏูุง,boycott,,,,
1/4/2024,ููุฌู,Ugo,Management gate,ููุชุฌ ุจุฏูู ูุจูุจุณู ููููุง ูููุง,alternative,,,,
1/4/2024,ุจุงุฑูุณุชุงุฒ,Baristas,ุดุงุจ ุงุณูู ูุญูุฏ,ุดุงุจ ุงุณูู ูุญูุฏ ุจูุนูู ุจุฏูู ุงููุณูุงููู,alternative,,,,
1/4/2024,ูููุชุฑุง,Mintra,Mintra,ุงุญุฐูุฉ ุฑูุงุถูุฉ ูุตุฑูุฉ ุงูุตูุน,alternative,,,,
1/4/2024,ุฃููู,UNO,Orouba coffee company ,ูู ุงูููุฑูุถ ูุด ููุงุทุนุฉ ุจุณ ุงูุง ุงูู ูุฑุฉ ุงุณูุน ุนู ุงูุดุฑูุฉ ุฏู ูุงูุงุญุณู ุชุฏูุฑู ุจุฑุฏู ุนุดุงู ูุชุงูุฏ ููู ุญุฏ ูุงู ุจูููู ุงู ุดุฑูุฉ misr cafe ููุงุทุนุฉ ูุงู coffe break  ููุงุทุนุฉ ุนุดุงู ุชุจุนูุง ููู ูููู ุชุชุงูุฏู ุจุฑุฏู,unsure,,,,
1/4/2024,ูุดุฑูุจ ูููุช ,volt energy drink ,volt.eg,ูุด ุนุงุฑู ุงู ุชูุงุตูู๐,unsure,,,,
1/4/2024,ุจุงุฑูุณุชุง,Baristas ,Local brand by Mohamed Ali,Coffee and instant coffee ,alternative,,,,
1/4/2024,ุฏูุจู ุฏูุฑ,Double dare,Double dare ?,ูุดุฑูุจ ุฌุงูุฏ,alternative,,,,
1/4/2024,ุชูู ูููุง ุจุฑุชูุงู ููููู ุตูุฏุง,Pepsi ,Pepsi ,ููุชูุจ ุนูู ุงูุนุจูุฉ ุจูุจุณู ุจูุดุงู..,unsure,,,,
1/4/2024,ูููู ูุงุฑูุช,Lulu Market,LuLu Group International,"
ูููู ูู ุดุฑูุฉ ุงูุงุฑุงุชูู ููุฏูุฉ ุงูุงุตู 
https://en.wikipedia.org/wiki/LuLu_Group_International

ููุชูููุง ุฑุฌู ุงุนูุงู ููุฏู ูุณูู ูุณูู ููุณู
https://en.wikipedia.org/wiki/M._A._Yusuff_Ali",unsure,,,,
1/4/2024,ุฏููู,Deel,Deel inc,Israeli founder,boycott,,,,
1/4/2024,ุชูุงู,Canvas,Mo_Tools,ูู ููุญุงุช ูุฌูุฒุฉ ููุฑุณู ูุชุงุญู ุจุฌููุน ุงูููุงุณุงุช ูุงูุฃุดูุงู ูุจุฃุณุนุงุฑ ุฃูู ูู ุงููุณูุฑุฏ ูุฌูุฏุฉ ูููุฒุฉ ,alternative,,,,
1/4/2024,ูุชุญ ุงููู ูุงุฑูุช,Fateh Allah Market,Fateh Allah Market,ุจุฏูู ูููุญูุงุช,alternative,,,,
1/4/2024,ูุฏูุฉ,QODWA,QODWA LTD,YouTube and TikTok alternative,alternative,,,,
1/4/2024,ุณุฌุงูุฑ ููุชุณ,Heets cigarettes ,ููููุจ ููุฑูุณ,ุณุฌุงูุฑ  ,unsure,,,,
1/4/2024,ุฌูุฏ ูุฑุงูุณ,good france,Soreal,ุฏูุฑุช ูุซูุฑ  ู ูููุช ุนูู ุงุจูููุดู ุงุณูู Sa7wa ุงูู ุฏุงุนู ูุงุณุฑุงุฆูู ููุช ุจุฌูุจู ุนูู ุงุณุงุณ ุงูู ุจุฏูู ููุตูุตุงุช ุจุณ ููุงุณู ุทูุน ุบูุท,boycott,,,,
1/4/2024,ููุชุฌุงุช ุงูุฏูุชุง,Edita,Edita,https://m.facebook.com/story.php?story_fbid=pfbid025XAi6J9K16NAUcbvoUemgtZFzn6JcjrwGSYAtHChFczanUCNPg91AHstv5KUtUkhl&id=61552693121397&mibextid=Nif5oz,boycott,,,,
1/4/2024,ูููุชู ูุฌููุน ููุชุฌุงุช ุงูุฏูุชุง,molto,edita,https://m.facebook.com/story.php?story_fbid=pfbid025XAi6J9K16NAUcbvoUemgtZFzn6JcjrwGSYAtHChFczanUCNPg91AHstv5KUtUkhl&id=61552693121397&mibextid=Nif5oz,boycott,,,,
1/4/2024,ุฃูู ููุงู,Eau water,ุดุฑูุฉ ุงูููุฑ ููุตูุงุนุฉ,"ูุด ุนุงุฑู
- ูุจูู",unsure,,,,
1/5/2024,ููุฑูุฒ,Fayrouz,Al Ahram Beverages,Al Ahram Beverages is a member of the Heineken group,boycott,,,,
1/5/2024,ุฏููุณู,Dolce,mimix ,ุชุจุน ุดุฑูู ุงูุฏูุชุง ุงูุดุฑูู ุฏู ููุงุทุนู ,unsure,,,,
1/5/2024,ููุงุฑูุณ,clarks,C. & J. Clark Retail,-----,unsure,,,,
1/5/2024,ููุงุฉ ุญูุงุฉ ,Hayat ,ุดุฑูุฉ ุงูููุตูุฑ ุงููุงุจุถุฉ ููุงุณุชุซูุงุฑุงุช ุงููุงููุฉ ,ุชุนูุฏ ููููุฉ ุงูุนูุงูุฉ ุงูุชุฌุงุฑูุฉ ูุดุฑูุฉ ููุงู ุญูุงุฉุ ุฅูู ุดุฑูุฉ ุงูููุตูุฑ ุงููุงุจุถุฉ ููุงุณุชุซูุงุฑุงุช ุงููุงููุฉ ูุชูุฒูุน ููุชุฌุงุช ุงูุนูุงูุงุช ุงูุชุฌุงุฑูุฉ ุงูุดููุฑุฉ ูู ุฎูุงู ููุงูุฐ ุงููุฌููุนุฉุ ูุงูุชู ุชู ุชุฃุณูุณูุง ุนุงู 1992ุ ูุชููู ุงูุดุฑูุฉ ุจุชุตููุน ูุชูุฒูุน ุงูุนุฏูุฏ ูู ุงูููุชุฌุงุช ุงูุบุฐุงุฆูุฉ ูุงูููุงู ูุงูุนุตุงุฆุฑ ูุซู ููุงู ุญูุงุฉ.,alternative,,,,
1/6/2024,ูููุฐ,Monafiz,Mobtakr LLC,ูููุฐ ููุตุฉ ุนุฑุจูุฉ ููุนูู ูุจูุน ุงูุฎุฏูุงุช ุงููุตุบุฑุฉ.,alternative,,,,
1/6/2024,ุงููุฏ ุณุจูุณ,Old Spice, ( P&G) Procter & Gamble,ุฏุงุนู ููููุงู,boycott,,,,
1/6/2024,ุฅูุณุจุฑุช ุบุณูู ุงููุญูุฉ,Expert Beard Wash ,Man Look,ุบุณูู ูุญูุฉ ,unsure,,,,
1/7/2024,ุดุงู ุฃุญูุฏ,Ahmad Tea,Ahmad Tea London,"ุจูุฏ ุงูููุดุฃ ุจุฑูุทุงููุง ููุฐ 1979
https://ahmadteausa.com/pages/our-story",boycott,,,,
1/7/2024,ูููุณ ุขุจ,Closeup,Unilever,Close-up is an American brand of toothpaste launched in 1967 by Unilever as the first gel toothpaste.[1][2] The brand is marketed worldwide by Unilever[3] and licensed since 2003[4][5] to Church & Dwight for the North American market.,boycott,,,,
1/7/2024,ุฅูุฏููู,Indomie,Indofood,ุงูุดุฑูุฉ ุงููุตูุนุฉ ููุฑูุง ูู ุฅูุฏูููุณูุง ููู ูู ุดุฑูุฉ ูุงููุฉ ุตูููุฉ ุงุณููุง First Pacific,unsure,,,,
1/7/2024,ูุงูู,Fine,ุดุฑูุฉ ุงูุจุฑุฏู ูุตูุงุนุฉ ุงููุฑู,ุดุฑูุฉ ูุงูู ูููุฑููุงุช ูุง ุงุฏุฑู ูู ูู ุฏุงุนูุฉ ุงู ูุง,unsure,,,,
1/7/2024,ุงููุณู,Oxi,ุฃุฑูุง ููุตุงุจูู ูุงูููุธูุงุช ,ุงูุดุฑูุฉ ุนุฑุจูู ุจูุฏููุฉ ุงูุนุงุดุฑ ูู ุฑูุถุงู ุ ุงูููุชุฌ ุจุฏูู ุนู ุจุฑุณูู ,alternative,,,,
1/7/2024,ูููุฉ ุณูุฌุงูุฑูุฏู,segafredo coffee,Massimo Zanetti Beverage Group,"nothing, just check please",unsure,,,,
1/7/2024,ูููุฉ ูููุจู,kimbo coffee,kimbo,please check,boycott,,,,
1/7/2024,ุฃุญูุฏ ุชู,Ahmed Tea,Ahmed tea ,ููุฑูุง ุจุฑูุทุงููุง ,boycott,,,,
1/7/2024,ููููุง,Nivea ,Beiersdorf Global AG,ููุง ุฃุตูู ุฃูุฑูููุฉ ูุฃููุงููุฉ,boycott,,,,
1/7/2024,ุฏู ุฌู ููุฑ,DG Care,AlEsraa,"ุจุฏูู ููุนุฌูู ุงูุงุณูุงู, ููุณ ุจููุณ ุงูุฌูุฏุฉ ูููู ุจุฏูู",alternative,,,,
1/7/2024,ูุงุชุฑููุณ ูููุง,matrix,ุถูุงู ุงูููุฑูู,ููุงู ุฃูู ุจุฏูู ูููู ุบูุฑ ูุชุงูุฏ,unsure,,,,
1/7/2024,ููุชุฑ ููุฏุฒ,HUNTER FOODS,Hunter Foods Group Limited,ุฏุงุนูุฉ,boycott,,,,
1/7/2024,ุงููุณู,Oxi,Henkel,ุชุจุน ุดุฑูู ุงูุฑูููู,boycott,,,,
1/7/2024,ููุตุฉ ุดุงูุฏ,Shahid,ูุฌููุนุฉ MBC,"ููุงู ูุฌููุนุฉ (MBC) ุจุชูููุน ุงุชูุงููุฉ ุจูู ููุตุชูุง ""ุดุงูุฏ"" ูุดุฑูุฉ ""ุจุงุฑุชูุฑ"" ุงูุฅุณุฑุงุฆูููุฉ

https://www.newarab.com/news/saudis-shahid-partners-israeli-mobile-company-reports",boycott,,,,
1/7/2024,ููููุด,Finish,ุดุฑูุฉ ุจูููุฏูุฉ,ุงุจุญุซ ุนู ุจุฏูู ูุงูุฑุงุต finish ูุบุณุงูุฉ ุงูุงุทุจุงู ู ูู ุงูุจุฏุงุฆู ูุฏ ุชูุณุฏ ุงูุบุณุงูุฉ ู ุชุชุฑู ุฑูุงุณุจ,boycott,,,,
1/7/2024,ุงูุฑุงูู,Oracle,ุงูุฑุงูู,https://x.com/oracle/status/1710696847667306762?s=46,boycott,,,,
1/7/2024,ูููุชู ู ููููุฒ,Molto,Edita ,https://www.facebook.com/100006189888667/posts/3622023158013978/?mibextid=rS40aB7S9Ucbxw6v,boycott,,,,
1/8/2024,ููุชุณ,LotusBiscoff,Lotus Bakeries NV,I can't enter any name with spaces ,unsure,,,,
1/8/2024,ุงููุงุฑุชุณ,EMarts,TEQNEIA,ููุชุฌ ูุตุฑู ุจุฏูู ูููุชุฌุงุช ุงูุฑูููุฉ ูุง ุงุนูู ุงุฐุง ูุงูุช ุฏุงุนูุฉ ุงู ูุง ูุซู shopify ู ููู ุงุดุชุฑุงูุงุชู ุงูู ู ุจุงูุฌููู ุงููุตุฑู ,alternative,,,,
1/8/2024,ุฏุงุจุฑ ุงููุณูุงู,Dabur Miswak,ุฏุงุจุฑ ุฅูุฌุจุช ุงููุญุฏูุฏุฉ,ุจุฏูู ูุนุงุฌูู ุงูุฃุณูุงู ุณูุฌูุงู ููููุฒุขุจ,alternative,,,,
1/8/2024,ูููุฑู,Floro,ุงููุง ,ุจุฏูู ูุนุงุฌูู ุงูุฃุณูุงู ุณูุฌูุงู ููููุฒุขุจ,alternative,,,,
1/8/2024,ุฏููู ุฏูู,Daily dev,Daily dev,https://www.linkedin.com/posts/ido-shamun_effective-december-22-paul-biggar-is-no-activity-7144255311644721152-IH43?utm_source=share&utm_medium=member_ios,boycott,,,,
1/9/2024,ูููู ูููุณ, Coffee Mix,Nestle,Nestle product,boycott,,,,
1/9/2024,ุจุฑูู,Break,Americana Group," Americanaโs network encompasses several brands, some of which are KFC, Pizza Hut, Hardee's, T.G.I., Costa Coffee, Baskin Robbins, Krispy Kreme",boycott,,,,
1/9/2024,ูููู ูุงููู,UniCafe,ุฏุงูุงุณ,ุจุฏูู ุนู ูุณูุงููู ,alternative,,,,
1/9/2024,ุจุงุฑุจููุงู,Barbican,ุดุฑูุฉ ุงูุนูุฌุงู ุงูุณุนูุฏูู,ูุฑุฃุช ุงูู ููุชุฌ ุณุนูุฏู ููู ุงูุชุดูุช ุงู ุดุฑูุฉ ูููุงูููุง ุงุดุชุฑุช 50 % ูู ุงุณูู ุงูุดุฑูู ุงุฑุฌูุง ุงูุจุญุซ ูุดูุฑุง ููุฌููุฏูู,unsure,,,,
1/10/2024,ุงุฑูู,Arwa,ูููุงูููุง ,"ุชุตููุน ุดุฑูุฉ ูููุงูููุง
ุงูููุชุฌ ูุชููุฑ ูู ุฏูู ุงูุฎููุฌ ",boycott,,,,
1/11/2024,ุงูุณู,oso,ูุง ุงุนุฑู,ูุดุฑูุจ ุบุงุฒู ูููุง,unsure,,,,
1/11/2024,ูุงููุด,vanish,ูุง ุงุนุฑู,ูุณุญูู,unsure,,,,
1/11/2024,ุญููู - ุชูุฑ ุฑุทุจ ุณูุฑู,Sweet Tamr,ุทุจูุนู,ููุฌุฏ ุงูุนุฏูุฏ ูู ุชูุฑ ุงูุฑุทุจ ุงูุณูุฑู ููู ูุชููุฑ ูู ุฌููุน ุงูุฏูู ููุนุชุจุฑ ูู ููุณ ุงุณุนุงุฑ ุงูุญูููุงุช ููู ูู ุงูุฎู ุงููุง ุงูุชููุฑ. ุงููููู ูุนุงุฏู ูกูขูุฌ ููููู ุงู ููุถู ูุนู ุดูุฑ ูุณ ุงูุตุจุงุญ ูุน ุงููููุฉ,alternative,,,,
1/11/2024,ูุงุฑููุชู,Carlito,ุดุฑูุฉ ุงูุชุงุฌ ุงููููุฑ ููููุงุฏ ุงูุบุฐุงุฆูุฉ,ุจุฏูู  ุฏูุฑูุชูุณ,alternative,,,,
1/11/2024,ุชูู,Teem,ุจูุจุณู,ููุชุฌ ุชุงุจุน ูุดุฑูุฉ ุจูุจุณู ,boycott,,,,
1/13/2024,ูุณูุงู,Miswak,Dabur,ุงุณูุงู,alternative,,,,
1/14/2024,ูุงุชุฑูุณ,Matrix,ุดุฑูุฉ ุถูุงู ุงูููุฑูู,"ุจุฏูู ุฃุฑุฏูู ูููุดุฑูุจุงุช ุงูุบุงุฒูุฉ (Pepsi, 7UP, Miranda)",alternative,,,,
1/15/2024,ูููููู,Lenovo,ูููููู ูู ุงุณู ุงูุดุฑูุฉ,"ุดุฑูุฉ ุตูููุฉ ุงูููุดุฃ
ุงููุตุฏุฑ: https://www.lenovo.com/bd/en/lenovo/our-company/",alternative,,,,
1/16/2024,ููุจุงูู,Mobaco,Mobaco,"Mobaco is an Egyptian owned and run family operated business with roots dating back to almost a century ago. The brand was first established in 1974, in a small factory in Sudan Street with the idea of bridging the supply and demand gap for Egyptian made, high quality clothing. With the continuing success of the business, the company has grown to over 900 employees and expanded its operations to Bashtil, El Warraq, continuing to aspire towards excellence in quality, design and technology.

https://mobaco.com/about/",alternative,,,,
1/16/2024,ุฒุงุฑุง,Zara,Inditex,"Zara published a new campaign for new clothes  
that offends Palestinian people

They removed the images from social media after being attacked by social media users
  ",unsure,,,,
1/16/2024,Hk Design,Hk Design,Hk Design,"This is modest egyptian brand for women clothes
https://hkdesigns-eg.com/pages/career-opportunities

https://www.instagram.com/hk.designs.egy/
",alternative,,,,
1/16/2024,ุญุฌุงุจ ุจูุชูู,hijab boutique,Hijab Boutique,"https://www.instagram.com/hijabboutique_eg
/
  An egyptian clothing modest brand  for Hijabi women

https://www.hijab-boutique.com/pages/about-us

",alternative,,,,
1/16/2024,ุจุงุซ ุงูุฏ ุจูุฏู ูุฑูุณ,Bath and Body Works,"Bath & Body Works, Inc. (formerly known as L Brands, Inc., Limited Brands, Inc. and The Limited, Inc.) is an American specialty retail company based in Columbus, Ohio","American Company 
Don't know if it directly supports or just american company 

https://en.wikipedia.org/wiki/Bath_%26_Body_Works,_Inc.

https://www.instagram.com/bathandbodyworksarabia/
",boycott,,,,
1/16/2024,Green mocktails,Green mocktails,ุฌุฑูู ูููุง ุงูุฌูุจุช,ููุฑุฌู ุงูุชุฃูุฏ ูู ููุงุทุนุฉ ุงู ูุง,unsure,,,,
1/17/2024,ุขุฏ-ูู,Add-me,Add-me,ุงูุดุฑูุฉ ูุดุฃุช ูู ูุตุฑ ุนุงู ูขููกูฉ ู ูููุฑูุง ุงููุงูุฑุฉ ูููุณ ููุง ูุฑูุน ูู ุฃู ููุงู ุขุฎุฑ ,unsure,,,,
1/17/2024,ุงููุณู ,Oxi ,ุขุฑูุง ,ุงูุดุฑูุฉ ูุดุฆุชูุง ูู ูุตุฑ ,unsure,,,,
1/17/2024,ุจูุจุณู,ุจูุจุณู,ุจูุจุณู,ููุงุทุนุฉ ,alternative,,,,
1/17/2024,ูููุชููุง,Nutella, Ferrero ,"Italian company 
Nutella faced criticism for an online marketing campaign that filtered out words like โJewishโ and โMuslim.โ 

Nutella hasnโt come up with any official press release or posted any opinion on social media handles. 

We'll explore Nutella's official statements, the controversies it faced, and its connections to Israel to figure out where it stands in this complex conflict.

https://viraltalky.com/does-nutella-support-israel-or-palestine/",unsure,,,,
1/17/2024,ูุงูุฌู,Mango,Mango,"Mango, is a spanish company 
along with other renowned Spanish labels like Zara, Pull&Bear, and Tous, has chosen to close nearly all of its approximately 50 stores in Israel, managed through franchise partnerships.

I checked with this checker website
https://theislamicinformation.com/more/israeli-product-checker/
that showed it is supporter


However as mentioned above it seems like they closed their stores in Israel
This is mango israel website and you can't order online from the website and stores are not available 
https://shop.mango.com/il/women/dresses-and-jumpsuits/satin-camisole-dress_57089100.html

 
",unsure,,,,
1/17/2024,ูุงุฑูุจู, Caribou Coffee,	JAB Holding Company,"It is american company
https://en.wikipedia.org/wiki/Caribou_Coffee",unsure,,,,
1/19/2024,ูุงุฑู ูุฑูุชุณ,Farm frites,Farm frites,ุจุงูุจุญุซ ูุงูุชุญูู ุงุชุถุญ ุฃู ูุงุฑู ูุฑูุชุณ ูู ุงูููุชุฌุงุช ุงูุชู ููุง ุฑูุงุฌูุง ูุงุณุนูุง ูู ุงูุณูู ุงููุตุฑูุ ููููุง ุชุชุนุงูู ูุน ุดุฑูุฉ ุฃูุฑููุงูุงุ ูุฐุง ุชูุฏุฑุฌ ุชุญุช ูุงุฆูุฉ ุงูููุงุทุนุฉ.,boycott,,,,
1/24/2024,ุชููู,Pepsi,ุจูุจุณู,ุชุงุจุน ูุดุฑูุฉ ุจูุจุณู ,boycott,,,,
1/24/2024,ุจูุชุฒุง ุจูููุฒ,pizza bulls,BOGA GIDA,ุจุฏูู ุจูุชุฒุง ุจุชุฑููุฉ ุชุตููุน ุชุฑูู ูุญูู ูช100 ,alternative,,,,
1/25/2024,ุจุงุชูุณ,patos,"Doฤuล รay ve Gฤฑda รrรผnleri รretim, Pazarlama, ฤฐthalat ve ฤฐhracat A.ล.,",ููุชุฌ ุดูุจุณ ุชุฑูู ูชูกูู ุจุฏูู ููุฏูุฑูุชูุณ,alternative,,,,
1/27/2024,ูููุฒ ุชู,fusetea,coca cola,https://www.coca-cola.com/tr/tr/brands/fusetea,boycott,,,,
1/27/2024,ุณุจุงุฑุฑู,sbarro,sbarro,https://www.cozum10.com/sbarro-boykot-mu/,boycott,,,,
1/28/2024,ุณุจุงุฑูู,Sparkle,ElTwaheed for Advanced Industries,Shampoo alternative ,alternative,,,,
1/28/2024,ุดุงู ุงุญูุฏ,Ahmed tea ,Null,ุดุงู ุจุงููููุงุช ,unsure,,,,
1/29/2024,ุงุชูู ุณุจูุฑุชุณููุฑ,Atum sportswear ,Atum Egypt ,"ุดุฑูุฉ ูุตุฑูุฉ ููุชุฌุฉ ููููุงุจุณ ุงูุฑูุงุถูุฉ ู ุงูุฃุฏูุงุช ุงูุฑูุงุถูุฉ ูุชุญุช ูู ูขููกูฉ
ุตุงุญุจ ุงูุดุฑูุฉ ุงููุงุจ ุนุจุฏ ุงูููุนู",alternative,,,,
1/29/2024,ุงูู ุงู ุฏู,amd,AMD,ุชูููููุฌูุง,boycott,,,,
1/29/2024,ูุฑุณุชุงู,Crystal,ุงูุดุฑูุฉ ุงูููููุฉ ูุตูุงุนุฉ ุงูุณูู ูุงูุตุงุจูู,ูุฐุง ุจุฏูู ูุดุฑูุงุช ุงูุตุงุจูู ุงูููุงุจุณ ุงูุชู ุชุฏุนู ุงูููุงู ุงูุตููููู ุงููุฐุฑ,alternative,,,,
1/29/2024,ูุงุชููุง,Vatika,Dabur International Ltd.,ุดุฑูุฉ ูุชุฎุตุตุฉ ูู ุชุตููุน ุงูุดุงูุจู ูุงูุจูุณู ููุนูุงูุฉ ุจุงูุดุนุฑ,unsure,,,,
1/29/2024,ุขุจู,Apple,Apple,Apple MAP ูุง ุชุนุชุฑู ุจุฎุฑูุทุฉ ููุณุทูู ุญูุซ ุฃููุง ุชุนุชุจุฑูุง ุฏููุฉ ุฅุณุฑุงุฆูู ุฅุฌูุงูุง.,boycott,,,,
1/29/2024,ููุงููุชู ููุณุชูุฌ,Quality hosting,Quality," ุจุฏูู ุนุฑุจู ุนู ุณูุฑูุฑ ุงูุงุฒูู 
ุงูุฑุงุจุท :
https://www.qualiteyserver.com/",alternative,,,,
1/29/2024,ุฃูู ุฅู ุฏู,AMD,AMD,https://www.mayniaga.com/is-amd-supportive-of-israel-explained/,boycott,,,,
1/29/2024,ุณุนูุฏ,Said,Saida,ููุชุฌ ุชููุณู,alternative,,,,
1/29/2024,ุจูุบุง,Boga,La Sociรฉtรฉ de fabrication des boissons de Tunisie,"ูุฐู ุดูุฑูุฉ ูุฑูุณูุฉ ุตูููููุฉ ุชุตูุน ุนุฏุฉ ููุชุฌุงุช ุบุฐุงุฆูุฉ ู ุชุจูุนูุง ุชุญุช ูุณูู ููุชุฌ ูุญูู ูู ุงูุณูู ุงูุชููุณูุฉ ู ุงุฌุฒุงุฆุฑูุฉ ู ุฏูู ุงูุฑูููุฉ ุงุฎุฑู
",boycott,,,,
1/29/2024,ุดูุจุณู ูููู,Lion,Americana,Americana,boycott,,,,
1/29/2024,ุงูุณูุทุงู ูุงูู,El Sultan Kamel,ุงูุณูุทุงู ูุงูู,https://www.facebook.com/sultankamel.coffee/about,alternative,,,,
1/29/2024,ุจููุณ,Bless,Bless,ุจููุณ ุดุฑูุฉ ูุตุฑูุฉ ุงุชุนููุช ูู ูขููกูง ูุจุชุนูู ููุชุฌุงุช ููุดุนุฑ ุฒู ุดุงูุจูุ ุจูุณู ุุฒููุช ุ ูุญุงุฌุงุชูุง ูุถููุฉ ุงุณุชุนููุชูุง ุจููุณู ,alternative,,,,
1/29/2024,ุฏุงููู ุฏุงูุฌู,Dango,ุดุฑูุฉ ุฏุงูุฌู,ุฒุจุงุฏู ุฏุงูุฌู,unsure,,,,
1/29/2024,ูุงุฑุงุจู,Marabou,Marabou,ููุน ุดููุงุชุง ุตูุงุนุฉ ุดุฑูุฉ ุณููุฏูุฉ ุงูุฑูุจูุฉ,unsure,,,,
1/29/2024,ูุงุฑุงุจู,Marabou,Marabou,ููุน ุดููููุงุชู ุงูุฑูุจู ุุณููุฏู,unsure,,,,
1/29/2024,ุจูู ุฑููุฒ ,bake rolls,Chipita,"Greek food company
greek is ally for isral",boycott,,,,
1/29/2024,ูุณูุงู,miswak,dubour,"ุดุฑูุฉ ููุฏูุฉ ุชููู ุจุตูุงุนุฉ ููุชุฌุงุช ูู ุงูููุงุฏ ุงูุทุจูุนูุฉ
ูุงูููุฏ ุชููู ุจุฏุนู ุงููุถูุฉ ุงูููุณุทูููุฉ
https://www.shorouknews.com/news/view.aspx?cdate=23112023&id=56b66318-80e3-46dd-b80c-6448cf9cb163
ุตูุญุฉ ุงูุดุฑูุฉ ุนูู ููููุจุฏูุง
https://en.wikipedia.org/wiki/Dabur
",boycott,,,,
1/29/2024,ูุงููุฑูุณููุช,Microsoft,Microsoft,https://twitter.com/satyanadella/status/1711979964709605518,boycott,,,,
1/29/2024,ุณูุฑูุง,ูููSฤฑrma,Sฤฑrma,"ูุฐู ุงูุดุฑูุฉ ุงุดูุฑ ุดุฑูุฉ ููุงู ุตุญูุฉ ูู ุชุฑููุง ุฏุงุนูุฉ ูุงุณุฑุงุฆูู ุจุดุทู ูุจูุฑ ู ููุงุทุนุฉ ูู ุงุบูุจ ุงูุดุนุจ ุงูุชุฑูู.
ุดูุฑุงู",boycott,,,,
1/29/2024,ูููุฏูุฒ,Windows,Microsoft,https://twitter.com/satyanadella/status/1711979964709605518,boycott,,,,
1/29/2024,ุฃูููุณ,Office,Microsoft,https://twitter.com/satyanadella/status/1711979964709605518,boycott,,,,
1/29/2024,ฺคููุช,Volt,AJE,ูุดุฑูุจ ุทุงูุฉ,alternative,,,,
1/29/2024,ุฃุจู,Apple,Apple,https://shbabbek.com/show/228407,boycott,,,,
1/29/2024,ูุงู,Mac,Apple,https://shbabbek.com/show/228407,boycott,,,,
1/29/2024,ุงูููู,iPhone,Apple,https://shbabbek.com/show/228407,boycott,,,,
1/29/2024,ุงูุจุงุฏ,iPad,Apple,https://shbabbek.com/show/228407,boycott,,,,
1/29/2024,ุงู ุงู ุงุณ,iOS,Apple,https://shbabbek.com/show/228407,boycott,,,,
1/29/2024,ุงู ุงู ุงุณ,iOS,Apple,https://shbabbek.com/show/228407,boycott,,,,
1/29/2024,ุณูุฑูุณ,Surface,Microsoft,https://twitter.com/satyanadella/status/1711979964709605518,boycott,,,,
1/29/2024,ุณุงุนุฉ ุงุจู,Apple Watch,Apple,https://shbabbek.com/show/228407,boycott,,,,
1/29/2024,ุงุจู ููุชุด,Apple Watch,Apple,https://shbabbek.com/show/228407,boycott,,,,
1/29/2024,ุณูุงุนุงุช ุงุจู,Airpods,Apple,https://shbabbek.com/show/228407,boycott,,,,
1/29/2024,ุงูุจุงุฏ ุงู ุงุณ,iPadOS,Apple,https://shbabbek.com/show/228407,boycott,,,,
1/29/2024,ูุงู ุจูู - ูุงูุจูู,MacBook,Apple,https://shbabbek.com/show/228407,boycott,,,,
1/29/2024,ูุงู ุงู ุงุณ,MacOS,Apple,https://shbabbek.com/show/228407,boycott,,,,
1/29/2024,ูุธุงุฑุฉ ุงุจู ูููุงูุน ุงููุนุฒุฒ - ุงุจู ููุฌู,Apple Vesion,Apple,https://shbabbek.com/show/228407,boycott,,,,
1/29/2024,ุนุจุฏ ุงููุนุจูุฏ ,abd el maboud,ุจู ุงููููู   ,ููุน ูููู ุฒู ุงุจู ุนูู ููุฏู,unsure,,,,
1/29/2024,ุตุตุต,ุตุตุตุต,ุตุตุตุต,ุตุตุตุตุต,boycott,,,,
1/29/2024,ุณุณ,ุณุณุณ,ุณุณุณ,ุณุณุณุณุณุณุณ,unsure,,,,
1/29/2024,ุณุณ,ุณุณุณ,ุณุณุณ,ุณุณุณุณุณุณุณ,unsure,,,,
1/29/2024,ุณุณ,ุณุณุณ,ุณุณุณ,ุณุณุณุณุณุณุณ,unsure,,,,
1/29/2024,ุงููุณู,oxi,ูุง ุงุนูู,ูุณุญูู ุบุณูู,unsure,,,,
1/29/2024,ุฅูุชูู,Intel,Intel,"https://www.alaraby.co.uk/economy/ุดุฑูุงุช-ุถุฎูุฉ-ุชุฏุนู-ุฅุณุฑุงุฆูู-ูุงููุงู-ุชุนุฑูู-ุฅูู-ุฃุดูุฑูุง
ููุถู ุงุณุชุฎุฏุงู vpn ุนูุดุงู ุงููููุน ูุด ุดุบุงู ูู ูุตุฑ ุชูุฑูุจุง ุงู ุฏุง ุนูุฏู ุจุณ",boycott,,,,
1/29/2024,ุงู ุงู ุฏู,AMD,AMD,ูู ุดุฑูู ุจุฏููุฉ ูุงูุชูู ูู ุงููุนุงูุฌุงุช ูุจุฏููู ููููุฏูุง ูู ูุฑูุช ุงูุดุงุดุฉ,alternative,,,,
1/29/2024,ุงูุฏุฑุฉ,Durra,ุดุฑูุฉ ุงูุฏุฑุฉ ุงูุนุงูููุฉ ููุตูุงุนุงุช ุงูุบุฐุงุฆูุฉ,"ูููุน ุงูุดุฑูุฉ : 
https://aldurra.com/#about

ููุฐุง ููุดูุฑ ุฏุนููู ูููุณุทูู :
https://www.facebook.com/DurraEgypt/posts/pfbid02ZMCTvHUr5phtycDUJwvKhYH6Coj9Va6iqEHHQMxi43n4MuQwaGVPXkr9dCZr2HbDl
",alternative,,,,
1/29/2024,ุดููููุง,Chokella,Marbella,ุดููููุง ,unsure,,,,
1/29/2024,test,test,test,testt,boycott,,,,
1/29/2024,ุจููุฑุชููุจ,Peertube,Peertube,ุจุฏูู ููู ููููุชููุจ,alternative,,,,
1/29/2024,ุนุฑุจู,english,testcompany,i dont know,boycott,,,,
1/29/2024,ูููุจุงูุจ,Newpip,Newpip,ุดุงูุฏ ููุงุทุน ุงูููุชููุจ ุจุฏูู ุงุนูุงูุงุช ุงู ุชุชุจุน ูู ุฌูุฌู ููุฏุง ูุด ููุฎูููู ูุณุชูุงุฏูุง,alternative,,,,
1/29/2024,ููุจุฑุชููุจ,Libretube,Libretube,ุดุงูุฏ ููุงุทุน ุงูููุชููุจ ุจุฏูู ุงุนูุงูุงุช ุงู ุชุชุจุน ูู ุฌูุฌู ููุฏุง ูุด ููุฎูููู ูุณุชูุงุฏูุง,alternative,,,,
1/29/2024,ููุชููุจ ุฑููุงูุฒูุฏ,Youtube revanced,Revanced,ุงุณุชุนูุงู microG ุจุฏู ุฌูุฌู ูุฏุง ุจูููู ุงูุงุณุชูุงุฏู ูููู ููู ููุชููุจ ุจุฏูู ุงุนูุงูุงุช ูุจูููุฒุงุช ุงูุซุฑ,boycott,,,,
1/29/2024,ุดุฑูุฉ 1,company 1,company 2,idk really why but yea,boycott,,,,
1/29/2024,ูููุฐ,Monafiz,Monafiz,ููุตุฉ ุนูู ุญุฑ ุนุฑุจูุฉ,alternative,,,,
1/29/2024,ุชุงูุณูุฏู,Tuxedo,Taxedo,ุดุฑูุฉ ููุจููุชุฑุงุช ุจุฏููู ูุฏูู ูุงุชุด ุจู,alternative,,,,
1/29/2024,ุณูููุจูู,Slimbook,Slimbook,ุดุฑูุฉ ููุจููุชุฑุงุช ุจุฏููุฉ ูุฏูู ูุงุชุด ุจู,boycott,,,,
1/29/2024,ููููุณ,Linux,Linux fundation,ูุธุงู ุชุดุบูู ููุชูุญ ุงููุตุฏุฑ ุจุฏูู ูููููุฏูุฒ ููููุงู,alternative,,,,
1/29/2024,ุชููุณุช,Twist,Management gate,ูุดุฑูุจ ุทุงูู ุจุฏูู ู ุฑูุฏุจูู ,alternative,,,,
1/29/2024,ุฃูู,O Eau,ุดุฑูุฉ ุงูููุฑ ููุตูุงุนุฉ,ููุงู ูุนุฏููุฉ,alternative,,,,
1/29/2024,ูููุช,Volt,Aje group,ูุดุฑูุจ ุทุงูู ุจุฏูู ู ุฑูุฏุจูู / ูููุณุชุฑ,alternative,,,,
1/30/2024,ุงุจู ุงูููุฏ,Abo Al Walad,ุดุฑูุฉ ูุฑูุณูุฉ,ุดุฑูุฉ ูุฑูุณูุฉ ูุจุงูุชุงูู ุชููู ููุงุทุนุฉ,unsure,,,,
1/30/2024,ููุฑูุงุฌ,Uriage,Puig,". It is a spanish company
Uriage has skin care products
https://en.wikipedia.org/wiki/Puig_(company)

However they don't have stores in israel
https://www.uriage.com/AA/en/points-of-sale?coordinates=48.8766796%2C2.3189725&query=Europe%2C+Paris%2C+France",unsure,,,,
1/30/2024,QWE,QWE,QWEQWE,QWEQWE,boycott,,,,
1/30/2024,ุงูุนุฑุจูุฉ ููุงุงุงุงุง,ENGLISH HEREEE,QWEQWE,I DONT REALLY KNOW,boycott,,,,
1/30/2024,ุดูููุงุชู ุชูุฏูู,today chocolate ,today ,a jordanian company ,alternative,,,,
1/30/2024,ููุงุฌุฑุง,viagra,Pfizer,"ุฏูุงุก ูุซุจุท ููุฅูุฒูู ""PDE""ุ ุงููุฏู ููู ุนูุงุฌ ุงููุดุงูู ุงูุฌูุณูุฉ ุงููุธูููุฉ ูุซู ุงูุถุนู ุงูุฌูุณู ูุถุนู ุงูุงูุชุตุงุจุ ูุนูุฏ ุญุฏูุซ ุฅุซุงุฑุฉ ุฌูุณูุฉ ูุณุงุนุฏ ูุฐุง ุงูุฏูุงุก ุนูู ุชุฏูู ุงูุฏู ุฅูู ุงููุถูุจ ููุญูุฒ ุนูู ุงูุฅูุชุตุงุจ ู ุงุณุชูุฑุงุฑู.",unsure,,,,
1/30/2024,ุฏููุชู,Domty,ุดุฑูุฉ ุงูุตูุงุนุงุช ุงูุบุฐุงุฆูุฉ ุงูุนุฑุจูุฉ (ุฏููุชู),"ุฏููุชู ุดุฑูุฉ ูุตุฑูุฉ ุงูุฃุตู ุชุดุชูุฑ ุจููุชุฌุงุชูุง ุงูุนุฏูุฏ ูู ูุตุฑ ูุฃุดูุฑูุง ""ุฌุจูุฉ ููุชุง""",alternative,,,,
1/30/2024,ูุงูุฏูุง,condia,candia,ุญููุจ ูุจุงุน ูู ุงูุฌุฒุงุฆุฑ,unsure,,,,
1/30/2024,ุชููู,Teem,Pepsi cola,"ููุชูุจ ุนูู ุงูุนุจูู 
ููุนุฑูู ุนูู ุงููุช",boycott,,,,
1/30/2024,ุจูุณูู ูุตุฑ,Bisco misr,ูุนุฑูุด ,ูุนุฑูุด,boycott,,,,
1/30/2024,ูุงูุงุฒุง,Lavazza,Lavazza,ูููุฉ ูุจุณููุงุช,unsure,,,,
1/30/2024,ุงุจู,ุงุจู,ุงุจู,ูุงู ุชูู ููู ุงูุฑุฆูุณ ุงูุชููุฐู ูุดุฑูุฉ ุงุจู ุจุงูุชุจุฑุน ูุงูู ุงููุชูู ูู ุงูุฌููุฏ ุงูุงุณุฑุงุฆููููู ,boycott,,,,
1/30/2024,ููููุฒ,,ุงูุฏูุชุง,ููููุฒ ููุชุฌ ูู ุงูุฏูุชุง ุงููุตุฑูุฉ ูุซู ูููุชู ูุจูู ุฑููุฒ.. ููู ูููู ุงุญุฏ ููุชุฌุงุช ุงูุดุฑูุฉ ุฏุงุนู ูุงูููุชุฌ ุงูุงุฎุฑ ุจุฏูู,boycott,,,,
1/30/2024,ุดุงู ุฃุญูุฏ ุชู ,Ahmad Tea,ุฃุญูุฏ ุชู ,ูุนุชุจุฑ ุดุงู ุฃุญูุฏ ุชู ูู ุฃุจุฑุฒ ุฃููุงุน ุงูุดุงู ุงููุชูุงุฌุฏ ูู ุงูุณูู ุงููุตุฑูุ ููููู ุชุงุจุน ูุดุฑูุฉ ุฃูุฑูุจูุฉุ ูุฐูู ูููุถู ููุงุฆูุฉ ุงูููุงุทุนุฉุ ููุนุชุจุฑ ุถูู ุงูููุชุฌุงุช ุงูุฏุงุนูุฉ ููููุงู ุงูุตููููู.,boycott,,,,
1/30/2024,ุจุณูู ูุตุฑ ,Bisco Misr ,Kellogg's,ุฃุนููุช ุดุฑูุฉ ูููุฌุฒ ุงูุฃูุฑูููุฉ ุงููุฏุฑุฌุฉ ูู ุจูุฑุตุฉ ูููููุฑู ุญุตูููุง ุนูู 85.93% ุฃู ูุง ูุนุงุฏู 9.8 ููููู ุณูู ูู ุฃุณูู ุดุฑูุฉ ุจุณูู ูุตุฑ.,boycott,,,,
1/30/2024,ุฌุจู ุฏููุชู,Domty,ุดุฑูุฉ ุงูุตูุงุนุงุช ุงูุบุฐุงุฆูุฉ ุงูุนุฑุจูุฉ,ุจุฑุฌุงุก ุงูุชุฃูุฏ ูู ุชุชุจุน ุงูููุงุทุนุฉ ุงู ูุง,unsure,,,,
1/30/2024,ููููู,gullon,gullon,ูู ูู ููุงุทุนุฉ ,unsure,,,,
1/30/2024,ุงูููู,Iphone ,Apple ,Apple ,boycott,,,,
1/30/2024,ุจููู (ุจููู ุชููุจ),Poke (PokeTube),https://ashley0143.xyz (Ashley),ูุฑูุช ุงูุฏ (ูุงุฌูุฉ) ููููุน ุงูููุชููุจ ููุชูุญ ุงููุตุฏุฑ ููุง ูุญุชูู ุนูู ุฃู ุชุนูุจ ููุง ุงุนูุงูุงุช ูุจู ุฑูุงุจุท ุชุจุฑุน ูููุณุทูู ๐ต๐ธ ,boycott,,,,
1/30/2024,ุจููู (ุจููู ุชููุจ),Poke (PokeTube),Ashley,ูุงุฌูุฉ ููููุน ุงูููุชููุจ ุฎุงููุฉ ูู ุงูุฅุนูุงูุงุช ูุงูุชุนูุจ ูุจูุง ุฑูุงุจุท ุฏุนู ูููุณุทูู ๐ต๐ธ,alternative,,,,
1/30/2024,ุงูุจุฑูุฉ,Elbraka,Elbraka,ูุฑุงุฎ ููููุฉ ู ุณุชุฑุจุณ ุจุงูุงุณููุฏุฑูุฉ,alternative,,,,
1/30/2024,ุจูุจุณู ,pepsi,ุดุฑูู pepsi ,ูุงููุง ูู ูุงุฆูุช ุงูููุงุทุนู ูุชุจุน ุงูุตูุงููุฉ ,boycott,,,,
1/30/2024,ูุฑุณูู,marssol,marssol,ุจุฏูู ูููุน ุทูุจุงุช ูุชูุตูู ุงูุทุนุงู,alternative,,,,
1/30/2024,ุณูููุฏ ูุจ,Second Cup,Foodtastic Inc,ูููู ู ูุนู,unsure,,,,
1/30/2024,ุฑูุชุด ุจูู,Rich Bake,ุฑูุชุด ุจูู,"ุดุฑูุฉ ุงููุฎุงุจุฒ ุงูุญุฏูุซุฉ ""ุฑูุชุด ุจูู"" ูู ุดุฑูุฉ ูุณุงููุฉ ูุตุฑูุฉ ุชุฃุณุณุช ูู ุนุงู ูกูฉูฉูง ูุฃูู ุดุฑูุฉ ูุฎุงุจุฒ ุฃุตููุฉ ูู ูุตุฑ ุชูุฏู ููุชุฌุงุช ุงููุฎุจูุฒุงุช ุงููุนุจุฃุฉ ููุฃุณูุงู ุงููุตุฑูุฉ. ุชุฃุณุณุช ุฑูุชุด ุจูู ุนูู ูุฏ ุฃุตุญุงุจูุง ุฃ/ ุฎุงูุฏ ุงูุตูุฑ โ ู/ ูุฏุญุช ุงูููุงูู โ ู/ ุนูุฑู ุงูููุงูู
ููุงูุช ุชูุฏู ูุณุงุนุฏุงุช ููููุณุทููููู",alternative,,,,
1/30/2024,ุจููุฏุฑูุง,bioderma,bioderma,ุดุฑูุฉ ูุฑูุณูุฉ,unsure,,,,
1/30/2024,ูุงูุณู,maxi,ูุงุจูู,ูุดุฑูุจ ุบุงุฒู ,unsure,,,,
1/30/2024,ุงูู ุงู ุฏู ุฑุงุฏููู,AMD radeon,AMD,ุดุฑูุฉ  AMD ุชูุชุฌ ุจุนุถ ุฃุฌุฒุงุก ุฃุฌูุฒุฉ ุงููููุจููุชุฑ ูููุง ุงููุนุงูุฌ ู ูุงุฑุช ุงูุดุงุดุฉ ู ุงู mother board,unsure,,,,
1/30/2024,ุฏููุชู,Domty,Domty,ุดุฑูุฉ ุฏููุชู ูู ูู ุฏุงุนูุฉ ุงู ูุง,unsure,,,,
1/30/2024,ุงูุชู ุงุญุฐูุฉ ุฑูุงุถูุฉ,Activ,ูุง ุงุนูู,ุงุญุฐูุฉ ูููุงุจุณ ุฑูุงุถูุฉ,unsure,,,,
1/30/2024,ุงูุนุงูููุฉ ุงูุญุฑุฉ ูุชูููููุฌูุง ุงููุนูููุงุช,Alalmiyalhura for information technology,ุงูุนุงูููุฉ ุงูุญุฑุฉ ูุชูููููุฌูุง ุงููุนูููุงุช,ุดุฑูุฉ ูุณุงููุฉ ูุตุฑูุฉ ุฏุงุนูุฉ ูููุถูุฉ ุงูููุณุทูููุฉ ูุชููุฒุฉ ูู ูุฌุงู ุงู (Software Solution - Marketing - Web and Mobile apps) ,alternative,,,,
1/30/2024,ุฑููุจุฉ ,rouiba,NCA Rouiba,ุชูููุช NCA Rouiba ูู ุงูุชูููุฒ ุจูู ููุณูุง ุจูุถู ุงูููุชุฌุงุช ุนุงููุฉ ุงูุฌูุฏุฉ ูุจุฃุณุนุงุฑ ูุนูููุฉ. ,alternative,,,,
1/30/2024,ูุงุฑููุชู,Carlito,Mansour Food Industries,ุจุฏูู ููุฏูุฑูุชูุณ,alternative,,,,
1/30/2024,ุญููุฏ ุจูุนูุงู ,Hammoud boalam,ุญููุฏุจูุนูุงู ,ูุดุฑูุจ ุบุงุฒู ุฌุฒุงุฆุฑู ุงูุงุตู ููุฐ 1879 ูู ูุจู ุงูุงุญุชูุงู ุงูููุนูู. ุทุนูู ุชุญูุฉ ูููู ุงุฐูุงู ูุซูุฑุฉ ูู ููุงูู ู ูููุง ุงู ุจุฏูู ุณูุฑ.,alternative,,,,
1/30/2024,ุชููุณุช ,twist,ุชููุณุช ,ุจุฑุฌุงุก ุงูุชุฃูุฏ ูู ุงูููุชุฌ,unsure,,,,
1/30/2024,ุชูุฏู,TODO,ุฅูุฏูุชุง,ูุธุฑุง ูุดุฑุงูุชูุง ูุน ุดุฑูุฉ ููุณุชุณ ุงูุฃูุฑูููุฉ,boycott,,,,
1/30/2024,ูููุชู,Molto,ุฅูุฏูุชุง,ูุธุฑุง ูุดุฑุงูุชูุง ูุน ุดุฑูุฉ ููุณุชุณ ุงูุฃูุฑูููุฉ,boycott,,,,
1/30/2024,ุชูููููุฒ,Twinkies,ุฅูุฏูุชุง,ูุธุฑุง ูุดุฑุงูุชูุง ูุน ุดุฑูุฉ ููุณุชุณ ุงูุฃูุฑูููุฉ,boycott,,,,
1/30/2024,ููููุฒ,HOHOs,ุฅูุฏูุชุง,ูุธุฑุง ูุดุฑุงูุชูุง ูุน ุดุฑูุฉ ููุณุชุณ ุงูุฃูุฑูููุฉ,boycott,,,,
1/30/2024,ุณููููุชู,selecto,HAMOUD BOULAME,ูุดุฑูุจ ุบุงุฒู,alternative,,,,
1/30/2024,ููุฏุงููู,vodafone,Vodafone,ุดุฑูุฉ ููุฏุงููู ูุฎุฏูุงุชูุง ,unsure,,,,
1/30/2024,ุงููุณู,Oxi,Arma ,ูุณุญูู ุบุณูู ,unsure,,,,
1/30/2024,ุฃุฏูุจ,Adobe ,Adobe ,ูู ุฃุชุฃูุฏ ูู ุฏุนู ุงูุดุฑูุฉ ูุฑุฌู ุงูุชุฃูุฏ,unsure,,,,
1/30/2024,ุชุณุงูู,tasali,PepsiCo,ุงุญุฏ ููุชุฌุงุช ุดุฑูุฉ PepsiCo ูุจุงุน ุจุฏูู ุงูุฎููุฌ,boycott,,,,
1/30/2024,ูููุฒุง,kinza,ุงูุฌููู ุงูุนุงูููุฉ,ูุดุฑูุจ ุบุงุฒู ุณุนูุฏู ุจุฏูู ูููุชุฌุงุช ุจูุจุณู ููููุงูููุง,alternative,,,,
1/30/2024,ุงููุณู,Oxi,ุฃุฑูุง ููุตุงุจูู ูุงูููุธูุงุช,ุบูุฑ ูุชุฃูุฏ,boycott,,,,
1/30/2024,Hammett York,,Hammett York,Hammett York,boycott,,,,
1/30/2024,ุชูู ููุฑุชููุฒ,Tim Hortons, Restaurant Brands International Inc  (RBI),"ูุฑุฃุช ุจุถุนุช ููุงูุงุช ุชุซุจุช ุฐูู, ุญูุซ ุงู ุชูู ููุฑุชููุฒ ูุฏูุช ูุฌูุด ุงูุฏูุงุน ุงูุฅุณุฑุงุฆููู ุงููููุฉ ูุงูุทุนุงู ููุณุงุนุฏุฉ ููู ูุจุฅูุฑุงุฑ ูู ุญุณุงุจ ุฅุณุฑุงุฆูู ูู ููุฏุง ููุณู 
ููุง ุงูููุงู ุงูุฐู ูุถุญ ูู ุดู ูุน ุงูุฃุฏูุฉ ููููู ุจุงูุงูุฌููุฒู ุจุงูุทุจุน :
https://www.mayniaga.com/is-tim-hortons-supportive-of-israel-explained/",boycott,,,,
1/30/2024,ูุฑูุณูุง,Fresca ,ุงูุฏูุชุง,ุงูุฏูุชุง ุจูุง ุงุณูู ุงุฌูุจูุฉ,boycott,,,,
1/30/2024,ุงุญูุฏ ุชู,ahmed tea,ahmed tea,ููุช ูู ุฏููุฉ ุฏุงุนูุฉ,boycott,,,,
1/30/2024,ุจู ูููู,Kefek,ูุง ุงุนุฑู,"ุจู ูู ุฅูุชุงุฌ ุดุฑูู ูุตุฑูู
ุงูููุชุฌ ุฌุฏูุฏ ูููู ุจุฌูุฏู ูููุณู ุฌุฏุง",alternative,,,,
1/30/2024,ุณููุงู ,cynay.com,cynay.com,ูุญุฑู ุจุญุซ ูุตุฑู ุฏุงุนู ูููุถูุฉ ุงูููุณุทูููุฉ,alternative,,,,
1/30/2024,ุณููุงู ,cynay.com,cynay.com,ูุญุฑู ุจุญุซ ูุตุฑู ุฏุงุนู ูููุถูุฉ ุงูููุณุทูููุฉ ู ุจุฏูู ู google.com,alternative,,,,
1/30/2024,ุดุจุณููู,Chibseco,ูุตุฑูุฉ,ุดูุจุณู,alternative,,,,
1/31/2024,ุจุฑุจููุงู,Barbican,ุดุฑูุฉ ุงูุนูุฌุงู ูููุง ูููุง ูููุดุฑูุจุงุช,ูููุง ูููุง ุชุณุชุญูุฐ ุนูู 50% ูู ุดุฑูุฉ ุงูุนูุฌุงู ููุงุจู 980 ููููู ุฏููุงุฑ ููุฐ 2011,boycott,,,,
1/31/2024,ุชููุง,tola,ููููAlba pharma,ููุชุฌ ุนูุงูุฉ ุจุงูุดุนุฑ,alternative,,,,
1/31/2024,ููุงุฉ ุงูู,Eau,ูุนุฑูุด,ูุนุฑูุด,unsure,,,,
1/31/2024,ูููู,lino,lino oats,ุดููุงู ูุณูุงูุณ,alternative,,,,
1/31/2024,ุฃู ุฃู ุฏู,AMD,AMD,"ุดุฑูู ุชุตูุน ูุนุงูุฌุงุช ุงูููุจููุชุฑ ููุฑูุช ุงูุดุงุดู
",unsure,,,,
1/31/2024,ูููู ูุงููู,Uni Cafe,ุฏุงูุงุณ ููุตูุงุนุงุช ุงูุบุฐุงุฆูุฉ,https://www.damas-food.net,alternative,,,,
1/31/2024,ุจุฑุงูุฏ,Pride,Pride,ูุงุนุฑู ,unsure,,,,
1/31/2024,ุดุฑูุฉ ุงูููููุชู,INFINTY,infinity clinic pharma,IT PROVIDES VARIETY OF HAIR AND SKIN CARE PRODUCTS ,alternative,,,,
1/31/2024,ุฑู ุงูุฑููุงู,RAW AFRICAN,RAW AFRICAN,"IT MAKES SKIN AND HAIR CARE PRODUCTS LIKE SHAMPOOS, CONDITIONER, LEAVE IN, BODY BUTTERS, LOTIONS AND MORE",alternative,,,,
1/31/2024,ุจูุจุงูุง,bobana,bobana,hair care and skin care,boycott,,,,
1/31/2024,ูุฑุณูู,marsol,marsol,ุจุฑูุงูุฌ ุฎุฏูุช ุชูุตูู,unsure,,,,
1/31/2024,ุงุฏูุจู ,Adobe,Adobe Inc,"https://www.crikey.com.au/2023/11/01/israel-gaza-adobe-artificial-intelligence-images-fake-news/
second :",boycott,,,,
1/31/2024,ูุฑุณูุฏูุณ,Mercedes,Mercedes Benz ,ุดุฑูู ุงููุงููู ูุฏุนู ุงูููุงู,boycott,,,,
1/31/2024,ูุงุณููู ุฏูุชู,Massimo Dutti,Inditex,ูุงูู ุงูุดุฑูุฉ ูู ููุณู ูุงูู ุดุฑูุฉ ุฒุงุฑุง ูุจุงูู ุงูุดุฑุทุงุช ุงูุฏุงุนูุฉ,boycott,,,,
1/31/2024,ุชุงูู,Taki,ุชุงูู,ุงููููุน ุงูุฑุณูู ูุทุชูุจ,boycott,,,,
1/31/2024,ููุฑุจุฏ,Forbed,Forbed,ุงููููุน ุงูุฑุณูู,boycott,,,,
1/31/2024,ุจูู ุฑููุฒ,Bake rolz,Edita ,ุชุนุงูู ูุน ุดุฑูุงุช ุฃูุฑูููุฉ ,boycott,,,,
1/31/2024,ุญููุจ ูุจููุชุง,labanita milk,labanita,ููุชุฌ ูุตุฑู ูุญูู ุงูุตูุน,alternative,,,,
1/31/2024,ุดููุง,Chicka ,Americana,.......,unsure,,,,
1/31/2024,ุฃูุฏููู,,ุฃูุฏููู,ููุฏููุฒ ,unsure,,,,
1/31/2024,ููู ุฏูุฑ,cook door ,ุงูุดุฑูุฉ ุงูุฏูููุฉ ููุตูุงุนุงุช ุงูุบุฐุงุฆูุฉ ,"ูุทุนู ูุตุฑู ุชุฃุณุณ ุณูุฉ 1988 ุนูู ูุฏ ุนูุฑู ุงูุณุนูุฏ (ูุฏูุฑ ูุฌูุณ ุงูุฅุฏุงุฑุฉ ุ) ู ุฃุนููุช ูู ุตูุญุงุชูุง ุนูู ุงูุชูุงุตู ุงูุงุฌุชูุงุนู ุนู ุงูุชุถุงูู ูุน ุฃูููุง ุจููุณุทูู ู ุจุชูุฏูู ุนูู ููุณุทูู ู ุชูููุฑ ุตู ุชูุจ ูุจุฏูู (ุตู ุชูุจ ุงููุฏุฑุฌ ุถูู ุงูููุงุทุนุฉ ูุน ุงูู ููุงู ุงุฎุชูุงู ูู ุฐูู)
",alternative,,,,
1/31/2024,ุจูุชุฒุง ุชุงูู,pizza time ,ูู ุฃุชููู ูู ุงููุตูู ,"ูู ุงููุทุงุนู ุงููุตุฑูุฉ ุงูุชู ุฃุนููุช ุฏุนููุง ูุฃููุง ุจููุณุทูู
ุตูุญุงุช ุงูุชูุงุตู ุงูุงุฌุชูุงุนู :
https://m.facebook.com/pizzatimeegypt
https://www.instagram.com/pizza_time_eg/",alternative,,,,
1/31/2024,ุดุฑูุฉ ุณุงููุชุง,sanita,ูุฌููุนุฉ ุฅูุฏููู INDEVCO," ุชูุชุฌ ุงูุดุฑูุฉ ููุชุฌุงุช ุงููุธุงูุฉ ุงูุดุฎุตูุฉ ูุงูููุงุฏูู ุงูููุฒููุฉ ุ ูุงูููุชุฌุงุช ุงูุจูุงุณุชูููุฉ (ุฑุฆูุณ ูุฌูุณ ุฅุฏุงุฑุชูุง ูู ูุฑูู ุฃูุฑุงู )
ููุน ุงูููุฑ ุงูุฑุฆูุณู ููุดุฑูุฉ ุจูุตุฑ ูู ูุฏููุฉ ุงูุณุงุฏุงุช ุ ุงููููููุฉ 
ุงูุดุฑูุฉ ูููููุฉ ููุฌููุนุฉ ุฅูุฏููู ุงูุชู ููุฑูุง ุจูุจูุงู ู ุฑุฆูุณูุง ุงูุชูููุฐู ูู ูุนูุฉ ุฃูุฑุงู
https://twitter.com/neematfrem",unsure,,,,
1/31/2024,ุฅููุง,Eva ,Eva cosmetics ,ุชุนุชุจุฑ ุดุฑูุฉ ุฅููุง ูู ุงูุดุฑูุงุช ุงููุตุฑูุฉ ุงูุชู ุชุฃุชู ูู ุงูููุงู ุงูุฃูู ูุจุฏูู ููุนุฏูุฏ ูู ุงูููุชุฌุงุช ุงููุฎุชููุฉ ุงูุชู ุชุฏุฎู ุถูู ุงูููุงุทุนุฉ,alternative,,,,
1/31/2024,ููููุฌุฒ ููุฏูุฒ ,Kellogg's noodles ,Kellogg ,ุดุฑูุฉ ุฃูุฑูููุฉ  https://en.m.wikipedia.org/wiki/Kellogg%27s,boycott,,,,
1/31/2024,ุญููุฏ ุจูุนูุงู,selecto,hamoud boualem,"ุจุฏูู ูููุง ูููุง ุบูุฑ ูุชุงูุฏ
",unsure,,,,
1/31/2024,ูููุฏูุฒ,Windows,Microsoft,ูุธุงู ุชุดุบูู ูุฏููุน ูู ุตูุน ุดุฑูุฉ ุฃูุฑูููุฉ.,boycott,,,,
1/31/2024,ุฃูููุณ,Office,Microsoft,ุจุฑูุงูุฌ ุฃู ุฎุฏูุฉ ูุฏููุนุฉ ูู ุตูุน ุดุฑูุฉ ุฃูุฑูููุฉ.,boycott,,,,
1/31/2024,ููููุณ,Linux,ุบูุฑ ูุญุฏุฏุฉ,ูุธุงู ุชุดุบูู ุญูุฑ ููุฌุงูู ุบูุฑ ูุญุชูุฑ ูู ูุจู ุฃู ุฌูุฉ.,alternative,,,,
1/31/2024,ููุจุฑ ุฃูููุณ,LibreOffice,The Document Foundation,ุชุทุจูู ุญูุฑ ูุบูุฑ ูุฏููุน ูุง ููุฏุงุฑ ููู ููุจู ุดุฑูุฉ ุงุญุชูุงุฑูุฉ ูุฅููุง ููุธูุฉ ุบูุฑ ุฑุจุญูุฉ.,alternative,,,,
1/31/2024,ููุชููููุณ,Netflix,Netflix,Netflix ุชุฏุนู ุงููููุฏ ู ุงูุดูุงุฐ,boycott,,,,
1/31/2024,ุจููุชูฺค,Pectiv,Lenizer ,ุดุฑูุฉ ุฅูุงุฑุงุชูุฉ ูุนุฑุจูุฉ,alternative,,,,
1/31/2024,ุจู ุจู,Bebem, ุดุฑูุฉ ุญูุงุฉ,"ุชุนุชุจุฑ ุจู ุจู ุฃุญุฏ ููุชุฌุงุช ุดุฑูุฉ ุญูุงุฉ ููู ููุชุฌ ูุญูู ูุชูุงุฌุฏ ูู ุงูุณูู ููุฐ ุฃูุซุฑ ูู 20 ุนุงูุ ูููุชุดุฑ ูู ุฃูุซุฑ ูู 20 ุฏููุฉ ููุนุชุจุฑ ููุชุฌ ูุทูู ุนูู ุงูุจุดุฑุฉุ ูููุงู ุฑุถุง ูุซูุฑ ูู ุงููุณุชููููู.

",alternative,,,,
2/1/2024,ูุงุชุณ ููุณ ุงูุณุชุง ูุงุณูุฌุฑ ุดุฑูู  ููุชุง ุน,WhatsApp face insta ,ุดุฑูู ููุชุง,"ูุงู ููุณ ูุญุธุฑ ู ูุญูู ูู ูุง ููุดุฑ ูุญุธุฑ ูููู ุจุฏูู ุชูุฌุฑุงู telegram ุฑูุณู ููุฑู ุฏุจู  ุงู  ุณุฌูุงู signal ุงูุฑููู ุนูู ูุง ุงุนุชูุฏ ููู ุนูู ุงูุงูู ููุณ ุจูุฏุนู ุจุดูู ุฑุณูู ุงู ูุง ูุนุฑู ุจุนุฏ ุฏุนูู ุงู ูู ุนุฏูู  ุงู  Bip app  ููุฐุง ุชุทูุจู ุชุฑูู ููู ุชุงูุฏ ูู ุตุญุชูู ูู ูุฏุนููู ุงู ูุง 
",boycott,,,,
2/1/2024,ูุณูุงู,miswak,Dabur,ูุนุฌูู ุงุณูุงู,alternative,,,,
2/1/2024,ุญูุงูุฉ ุฒูุงุฏุฉ,Zeyada Halawa,Zeyada Food,"ุญูุงูุฉ ูุตุฑูุฉ 100% ุงุฏุนู ููุชุฌ ุจูุฏู ุฌุฑุจูุง ูุชุนุฌุจู ุฅู ุดุงุก ุงููู , ุงูููู ุงูุตุฑ ุงูุฅุณูุงู ู ุฃุนุฒ ุงููุณูููู, ุงูููู ุงูุตุฑ ุฅุฎูุงููุง ุงููุณุชุถุนููู ูู ุบุฒุฉ ู ุงููุญูู ุงูุชูููู ู ุงูุชูููู ู ุงูุนุฒุฉ.",alternative,,,,
2/1/2024,ุณูุจููู,supeco,ูุงุฑููุฑ,ุณูุณูุฉ ูุญูุงุช ุชุฌุงุฑูุฉ ุชุงุจุนุฉ ููุงุฑููุฑ,boycott,,,,
2/1/2024,ุตูุฏุง ุณุชุฑูู,SodaStream,SodaStream International Ltd ,"sodastream.com
SodaStream International Ltd. is an Israel-based manufacturing company best known as the maker of the consumer home carbonation product of the same name. The company's soda machines, in the style of",boycott,,,,
2/1/2024,ุฑูู /ูุงูุณ,RE/MAX,"RE/MAX, short for Real Estate Maximums, is an American international real estate company","RE/MAX Israel, a franchise of RE/MAX International, sells homes in Jewish-only settlements on illegally confiscated Palestinian land. Settlements have displaced thousands of Palestinian families and are in direct violation of international law. We call on RE/MAX International to establish and disseminate clear policies and guidelines for all Re/Max brokers and agents stating that they should not sell, rent, or publicize properties that are built on settlements in East Jerusalem and the West Bank. Further, members of the Re/Max network should not refer clients to brokers and agents who are involved with such illegal properties. ",boycott,,,,
2/1/2024,ุฅูุฏููู ,Indome,Indofood,"ููุชุฌ ูู ููุน ููุฏูุฒ 
ูุดุฑูุฉ ุงูุฏูููุฏ ุดุฑูุฉ ุฅูุฏูููุณูุฉ
https://en.m.wikipedia.org/wiki/Indofood",alternative,,,,
2/1/2024,ุชููุง,teva,teva pharmaceuticals  ,ุดุฑูุฉ ูููุฏูุฉ ุนุงูููู ูุตูุงุนุฉ ุงูุฃุฏููุฉ,boycott,,,,
2/1/2024,ูููุฒ ูููุจ,Men's Club,Men's Club,ููุชุฌ ูุตุฑู ูุตูุงุนู ุงูููุงุจุณ ุจุฌูุฏู ุนุงููู ,alternative,,,,
,ุณูุงุจุณ,Snaps,Gree,,,,,,
2/28/2024,ุฑุงุจูุช,rabbit,rabbit,ุดุจุฉ breadfast,alternative,,,,
2/28/2024,ุฏูุฏู,didi,https://www.wikidata.org/wiki/Special:EntityPage/Q113152979,ุฎุฏูุงุช ุฑูููุฉ - ููุงุตูุงุช - ุดุฑูุฉ ุชููุฑ ุฎุฏูุงุช ุงูุชูุตูู ูุซู ุงูุจุฑ,unsure,,,,
2/28/2024,ุญููุจ ุจุฎูุฑู ,Bekhero milk ,ุฌูููุฉ,ุดุฑูุฉ ุฌูููุฉ ูุตุฑูุฉ 100%,boycott,,,,
2/28/2024,ู,ู,ูู,ููููุงุงุงุงุงุงุงุงุงุงุงุงุงุงุงุงุงุงุงุงุงุงุงุงุงุงุงุงุงุงุงุงุงุงุงุงุง,boycott,,,,
2/28/2024,ุดุงู ุงุญูุฏ ,ahmed tea,ahmed tea,"ูุนุจุฃ ูู ุงูุงูุงุฑุงุช ููู ุนูุงูู ุจุจุฑูุทุงููุง
",boycott,,,,
2/28/2024,ุฎูุฑ ุฒูุงู  ,,ูุฌููุนู ููุตูุฑ,"



https://ar.wikipedia.org/wiki/%D9%85%D8%AC%D9%85%D9%88%D8%B9%D8%A9_%D9%85%D9%86%D8%B5%D9%88%D8%B1",boycott,,,,
2/28/2024,ูุชุฑู  ,metro,ูุฌููุนู ููุตูุฑ,https://ar.wikipedia.org/wiki/%D9%85%D8%AC%D9%85%D9%88%D8%B9%D8%A9_%D9%85%D9%86%D8%B5%D9%88%D8%B1,boycott,,,,
2/28/2024,ููุงู ุญูุงู ,,ูุฌููุนู ููุตูุฑ,https://ar.wikipedia.org/wiki/%D9%85%D8%AC%D9%85%D9%88%D8%B9%D8%A9_%D9%85%D9%86%D8%B5%D9%88%D8%B1,boycott,,,,
2/28/2024,ุตู ุดุงูู ,,ูุฌููุนู ููุตูุฑ,https://ar.wikipedia.org/wiki/%D9%85%D8%AC%D9%85%D9%88%D8%B9%D8%A9_%D9%85%D9%86%D8%B5%D9%88%D8%B1,boycott,,,,
2/28/2024, ุฌููุน ููุชุฌุงุช ุงูุฏูุชุง /ุงุฑุฌู ุงูุจุญุซ ุนู ุงููุคุณุณู ุงูููุชูุจู ูู ุงูุงุซุจุงุช ,All Edita products,edita,"ุณุคุงู : ูู edita ูุตุฑูุฉ ุ
ุงูุงุฌุงุจุฉ : ุงู ุงูุดุฑูุฉ ูุตุฑูุฉ 100% ู ุด.ู.ู ููู ุญุงุฌู ุจุณ 
  ุชุนุงูู ูุจุต ุนูู ุญููุฉ ุงูุฃุณูู (ุงูุดุฑูุงุก ุงู ุงููุณุชุซูุฑูู) ูู ุงูุดุฑูุฉ ููุง ููู ูุงูููุงู ุงูุขุชู ุฐูุฑู ุฏู ุจูุงุกุง ุนูู ุชูุฑูุฑ ุชุฏููู ูุงูู ููุคุณุณุฉ ""Grant Thornton"" ููู ูุคุณุณุฉ ุนููุงูุฉ ุชูุฏุฑ ุชุจุญุซ ุนููุง ูุฌูุฌู ูุงูุชูุฑูุฑ 
ูุฏูุณูุจุฑ 2022 ูุนูู ูุด ูุฏูู
 Company are Quantum Investment BV 
holding
 42.67%
ุดุฑูุฉ ุงุณุซูุงุฑุงุช ููุฑูุง ูู ููููุฏุง ูุฏู ูููุง ุงูุญุตุฉ ุงูุฃูุจุฑ ูููุซููููุง ููุง ุนุงุฆูุฉ ุจุฑุฒู ูุคุณุณู edita 
 the Bank of New York Mellon (acting as depositary bank for shares traded in London Stock 
Exchange) managing 
11.7%
BNY ุจูู ุฃูุฑููุงูู  
Kingsway Fund Frontier Consumer Franchises 
holding 
9.11%
ุดุฑูุฉ ุงุณุซูุงุฑุงุช ูู ููุฏู 
RIMCO E GT Investment LLC holding 
5.35%
ุดุฑูุฉ ูุตุฑูุฉ
ูุจุงูู ุงูุฃุณูู ูุชูุฒุนุฉ ุจูู ุงูุชุฑ ูู ุญุฏ 
ูุนูู ุจุจุณุงุทุฉ ุงูุดุฑูุฉ ูุตุฑูุฉ ุฏู ุฃููุฏ ุ ุจุณ ุงูุฑููุง ูุจุฑูุทุงููุงู ููููุฏุง ูุงูููู ูููุง ูุนุธููุง
ููุชุฌุงุช edita:
ููููุฒ
 ุชููููุฒ
 ุชูุฏู 
ููููุณ 
ูููุชู
 ุจูู ุฑููุฒ 
 ุจูู ุณุชููุณ
 ูุฑูุณูุง 
  ุชุงูุฌุฑ ุชูู
 ููุฑูู
 ุงูููุฑู ูุงูุง/ุจุงูุฃุถุงูู ุงู ููููุฒ ูุชููููุฒ ููููู ุชุงูุฌุฑ ุชูู ุงุชุตูุนูุง ุจุดุฑุงูู ูุน ููุณุชุณ ุงูุงูุฑูููู 
",boycott,,,,
2/28/2024,ุณุจููุณ,spinneys,spinneys,"ูุงูู ุงูุดุฑูู ุตูุฏูู ุงููุณุชูู ุงูุงูุงุฑุงุชู ูุชูุฏูุฑูุง ุชุจุญุซูุง ูุชุชุฃูุฏูุง
",boycott,,,,
2/28/2024,ุดุงู,Shaan,parkville,https://eparkville.com/collections/shaan,alternative,,,,
2/28/2024,ูุงูู ,fine ,fine ,"ุงูุง ุนูู ุญุฏ ูุนุฑูุชู ุงููุง ุงุฑุฏููู ูุงูุงุฑุฏู ุณุงุนุฏุช ุงุณุฑุงุฆูู ุจุงูุทูุงุทู ุจุณ ุนุงูุฒููุง ุชุจุญุซูุง ุงูุชุฑ 
",unsure,,,,
2/29/2024,ุฏููู ุฏูู,DailyDev,Dailydev,https://x.com/zeyadetman/status/1744446410039181321?s=46,boycott,,,,
2/29/2024,ูุงูุณู,MAXI,ููุชุฌุงุช ููุงู ูุตุฑ,ููุงู ุบุงุฒูู,alternative,,,,
2/29/2024,ููููุฌุฒ ููุฏูุฒ ,Kellogg's noodles ,Kellogg,ุดุฑูุฉ ุฃูุฑูููุฉ ,boycott,,,,
2/29/2024,ุฅูุฏููู,Indome,Indofood ,ุดุฑูุฉ ุฅูุฏูููุณูุฉ / ููุนู: ููุฏูุฒ,alternative,,,,
2/29/2024,ุฏููุณู ,Dolce ,Nestle ,ููุชูุจ ุนูู ุงูุนุจูุฉ ุฏููู ูุณุชูุฉ ุงูุบุฐุงุฆู,boycott,,,,
2/29/2024,ูููุชู,Molto ,ุฅุฏูุชุง ,"ุงูุชูุฑูุฑ ุงูุฑุณูู ุงููุงูู ูุดุฑูุฉ ุงูุฏูุชุง ูขููขูข ุจูุฃูุฏ ุงู ุงููุณุจุฉ ุงูุงูุจุฑ ูู ุงุณูู ุดุฑูุฉ ุงูุฏูุชุง ุจุชุฑุฌุน ูุดุฑูุฉ ููุงูุชู ุงูููููุฏูุฉ ุจูุณุจุฉ %ูคูข% ูู ุงุฌูุงูู ุงุณูู ุงูุดุฑูุฉุ ูุน ุงูุนูู ุงู ุดุฑูุฉ ููุงูุชู ูููุง ูุฑูุน ุฑุฆูุณูุฉ ูู ููุฏู ููููููุฑู

ูุฎูููู ุงุฒูุฏู ูู ุงูุดุนุฑ ุจูุช ุงู ุงูุชูุฑูุฑ ููุถุญ ุงู ุญูุงูู ฑฒูช ูู ุงุณูู ุดุฑูุฉ ุงูุฏูุชุง ูู ูุตูุจ ุจูู ุงูุฑููู ู %ูฅ.ูฅ% ูู ุฃุณูู ุงูุดุฑูุฉ ูู ูุตูุจ ุดุฑูุฉ ุงุณุชุซูุงุฑุงุช ูู ููุฏู

ุจุงูุชุงูู ุงูุดุฑูุงุช ุฏู ุจุชุฏูุน ุถุฑุงูุจ ูุงูุฑููุง ูุงูุถุฑุงูุจ ุฏู ุจุชุชุญูู ูุฏุนู ุจุตูุฑ ูุฎุชููุฉ ููู ูุง ูุชุณููุง ุฒู ูุง ูููุง ุดููุง",boycott,,,,
2/29/2024,ูุฑูุณูุง ,Freska ,ุฅุฏูุชุง ,"ุงูุชูุฑูุฑ ุงูุฑุณูู ุงููุงูู ูุดุฑูุฉ ุงูุฏูุชุง ูขููขูข ุจูุฃูุฏ ุงู ุงููุณุจุฉ ุงูุงูุจุฑ ูู ุงุณูู ุดุฑูุฉ ุงูุฏูุชุง ุจุชุฑุฌุน ูุดุฑูุฉ ููุงูุชู ุงูููููุฏูุฉ ุจูุณุจุฉ %ูคูข% ูู ุงุฌูุงูู ุงุณูู ุงูุดุฑูุฉุ ูุน ุงูุนูู ุงู ุดุฑูุฉ ููุงูุชู ูููุง ูุฑูุน ุฑุฆูุณูุฉ ูู ููุฏู ููููููุฑู

ูุฎูููู ุงุฒูุฏู ูู ุงูุดุนุฑ ุจูุช ุงู ุงูุชูุฑูุฑ ููุถุญ ุงู ุญูุงูู ฑฒูช ูู ุงุณูู ุดุฑูุฉ ุงูุฏูุชุง ูู ูุตูุจ ุจูู ุงูุฑููู ู %ูฅ.ูฅ% ูู ุฃุณูู ุงูุดุฑูุฉ ูู ูุตูุจ ุดุฑูุฉ ุงุณุชุซูุงุฑุงุช ูู ููุฏู

ุจุงูุชุงูู ุงูุดุฑูุงุช ุฏู ุจุชุฏูุน ุถุฑุงูุจ ูุงูุฑููุง ูุงูุถุฑุงูุจ ุฏู ุจุชุชุญูู ูุฏุนู ุจุตูุฑ ูุฎุชููุฉ ููู ูุง ูุชุณููุง ุฒู ูุง ูููุง ุดููุง",boycott,,,,
3/1/2024,ุฃุจููุฑู,Upwork,Upwork,I wamt to make sure that Upwork.com doesn't support Israel at any cost,unsure,,,,
3/1/2024,ูุฑููุงูุณุฑ,Freelancer,Freelancer.com,Freelancer.com gives opportunities to the creative people,unsure,,,,
3/1/2024,ูููู ,Kefk,ุงูุดุฑูุฉ ุงููุตุฑูุฉ ููุตูุงุนุงุช ุงูุบุฐุงุฆูุฉ ูููู ,ูููู ูููู ูุดุงู ูุจู ูููุณูุงููู ,alternative,,,,
3/1/2024,ูููู,Koki,Amricana group,ุงูุฑููุงูุง ุฌุฑูุจ ุชุฏุนู ุงูุงุญุชูุงู,boycott,,,,
3/2/2024,ูููุชู,Vimto,Vimto,ูุดุฑูุจ ุนุตูุฑ ุงูุชูุช ,unsure,,,,
3/2/2024,ูุณูุงููู ,Nescafe ,Nestle,H,alternative,,,,
3/2/2024,ุดุงู ุงุญูุฏ,Ahmad tea ,Ahmad tea,"ุนูู ุงูุฑุบู ูู ุงูุง ูุคุณุณ ุงูุดุฑูุฉ ูู ุฑุฌู ุงุนูุงู ุงูุฑุงูู ุงูุง ุฃู ุดุงู ุงุญูุฏ ูุจุงุน ูู ุงูุณูู ุงูุฅุณุฑุงุฆููู ููุนุฏ ูู ุฃูุจุฑ ุดุฑูุงุช ุงูุดุงู ุฅุฐุง ูู ููู ุฃูุจุฑูุง
https://youtu.be/ZawkPQZAIZc?si=uF-8-l6SBdFgs-c0
ูู ูุฐุง ุงูููุฏูู ูุธูุฑ ุดุงู ุงุญูุฏ ุนูู ุตูุญุฉ ูุจูุน ุงูููุชุฌุงุช ุงูุบุฐุงุฆูุฉ ูู ุงูููุงู ุงููุญุชู 
",boycott,,,,
3/2/2024,ุฌู ุจู ุชู,GPT,OpenAI,"ุดุฑูุฉ OpenAI ุจุชุฏุนู Microsoft ูุฃู Bing ูุจูู ุนูู ูููุฐุฌ GPTุ ูุทุจุนุงู Microsoft ุจุชุฏุนู ุงูุตูุงููุฉุ ูุจุงูุชุงูู ูู ุงูmodels ุงููู ูุจููุฉ ุนูู GPT ุชุจุน  ุงูููุงุทุนุฉ (ุฒู Magic School ูNotion AI ูDALL-E)

https://en.globes.co.il/en/article-microsoft-grants-israeli-employees-special-war-allowance-1001462178

https://cnbc.com/2023/01/10/microsoft-to-invest-10-billion-in-chatgpt-creator-openai-report-says.html",boycott,,,,
3/3/2024,ููููููุณ,Kleenex ,ููุจุฑูู ููุงุฑู,ุฏุงุนู ููุงุญุชูุงู,boycott,,,,
3/3/2024,ุงูุฏููู indomi,Indomie,Indofood,ุงูุดุฑูุฉ ุงูุฃู ูู ุงูุฏูููุณูุง,alternative,,,,
3/3/2024,ุณุงูุณููุฌ,Samsung,Samsung,ุชุนุฏ ุดุฑูุฉ ุณุงูุณููุฌ ูู ุฃุดูุฑ ุดุฑูุงุช ุงูุฌูุงู ุงูููุชุดุฑุฉ ูู ุฌููุน ุงูุฏูู ุงูุนุฑุจูุฉ ูุงูุฃุฌูุจูุฉ. ููุง ุชุชู ุตูุงุนุฉ ููุงุชู ุณุงูุณููุฌ ูู ุฏููุฉ ููุฑูุง ุงูุฌููุจูุฉุ ููู ูู ุดุฑูุงุช ุงูุฌูุงู ุงูุฏุงุนูุฉ ูุฅุณุฑุงุฆููุ ูุฐูู ูุฃููุง ุชุงุจุนุฉ ูุดุฑูุฉ ุงุณุชุซูุงุฑูุฉ ุฅุณุฑุงุฆูููุฉ.,boycott,,,,
3/3/2024,ููููุง,Nokia,Nokia,ุตุฑุญ ุงููุฏูุฑ ุงูุนุงู ููุดุฑูุฉ ูุณุจูุงู ุนุจุฑ ุตุญููุฉ ุฌูุฑูุฒุงููู ุจูุณุช ุงูุตูููููุฉุ ุนู ุชุฑููุฒ ููููุง ุนูู ุฏุนู ุฅุณุฑูุงุฆูู ูู ูุงูุฉ ุงูุฌูุงุชุ ุนุจุฑ ุฅูุดุงุก ูุดุฑูุน ุฏุงุฎูู ูุฏุนู (ูุดุฑูุน ุงุณุฑูุงุฆูู) ูุชุทููุฑ ุดุจูุงุช ุงูุงุชุตุงู ูููุง ููุฐ ุนุงู 2020ุ ุฅูู ุฌุงูุจ ุฐูู ุฎุตุตุช ููููุง ุตูุฏูู ุฏุนู ูุงุณุฑูุงุฆูู ููุฐ ุนุงู 2000 ุญูุซ ูุตูุช ูููุฉ ุงูุชุจุฑุนุงุช ุญูููุง ุฅูู 500 ููููู ุฏููุงุฑ,boycott,,,,
3/3/2024,ุขุจู,Apple,Apple,"ุชุชูุชุน ุดุฑูุฉ ""ุขุจู"" ุจุญุถูุฑ ูุจูุฑ ูู ุฅุณุฑุงุฆููุ ุฃูุดุฃุช ุงูุดุฑูุฉ ูุฑุงูุฒ ุจุญุซ ูุชุทููุฑ ูู ุฅุณุฑุงุฆููุ ูุชูุธู ุขูุงู ุงููููุฏุณูู ุงูุฅุณุฑุงุฆููููู ูุชุณุงูู ูู ุงูุงูุชุตุงุฏ ุงููุญููุ ููุดูุฑ ูุฐุง ุงูุงุณุชุซูุงุฑ ุฅูู ุฃู ุดุฑูุฉ ""ุขุจู"" ุชุฑู ูููุฉ ูู ุงูุชูุฏู ุงูุชูููููุฌู ุงูุฐู ุชูุฏูู ุฅุณุฑุงุฆูู.",boycott,,,,
3/3/2024,ูููุฏุฑ,kinder,ุุ,"ุดููููุงุชุช ูููุฏุฑ
ุดูุฑุง ุนูู ุฏุนููู
",unsure,,,,
3/3/2024,ููููุง,nivea,nivea,ุดุฑูุฉ ููููุง ูู ุดุฑูุฉ ุงููุงููุฉ ููู ูู ุงุจุฑุฒ ุฏุงุนููู ุงุณุฑุงุกูู,boycott,,,,
3/3/2024,ูุงููู,Cannon,Cannon,ุทุงุจุนุฉ - ูุงููุฑุง ,unsure,,,,
3/3/2024,ุณูุฌูุงู,signal ,signal,",,,,,,",boycott,,,,
3/3/2024,ูููุฉ ุจูุงู ,BLK coffee,-,"  Local brand 
ููุชุฌ ูุญูู ุจุฏูู ููููุงุทุนุฉ ",alternative,,,,
3/3/2024,ุจูู,Puck,ุดุฑูุฉ ุขุฑูุง,ุงุฑุฌู ุงุฏุฑุงุฌ ูุงุฏ ุงูููุน ูุชุฃููุฏ ุงุฐุง ูุงู ุฏุงุนู ุงู ูุง,unsure,,,,
3/4/2024,ุขุจู,Apple,Apple,ุดุฑูุฉ ุฃูุฑูููุฉ,unsure,,,,
3/4/2024,ุณุงูุณููุบ,Samsung,Samsung,ุดุฑูุฉ ููุฑูุฉ,unsure,,,,
3/4/2024,ุจุทุงุฑูุงุช ุฃูุฑุฌุงูุฒุฑ,Anr,Anr,ุดุฑูุฉ ุฃุฌูุจูุฉ,unsure,,,,
3/4/2024,ุจุงูุงุฏูู,panadol,GSK,ุงูููุชุฌ ุฑุฃูุช ุงูุดุฑูุฉ ููุงูุง ููุง ูุฃููุง ุชุฏุนูุ,unsure,,,,
3/4/2024,ููุณ ุจูู,Facebook,ูุงุฑู ุฒููุฑุจูุฑุบ,https://www.aljazeera.net/news/2018/3/26/%D9%81%D9%8A%D8%B3%D8%A8%D9%88%D9%83-%D9%81%D9%8A-%D8%AE%D8%AF%D9%85%D8%A9-%D8%A5%D8%B3%D8%B1%D8%A7%D8%A6%D9%8A%D9%84,boycott,,,,
3/4/2024,ุชูุณู ุงู,Taxi if,Taxi if,ุงุฑุฌู ุงุถุงูุฉ ูุฐู ุงูุดุฑูุฉ ,unsure,,,,
3/4/2024,ุฏุงุฑู,Dari,ุฏุงุฑู ููุณุจุงุท,ุนูุงูุฉ ุชุฌุงุฑูุฉ ุจูู โุฏุงุฑูโ ุงููุบุฑุจูุฉ ูโุชููุฑโ ุงูุตูููููุฉ,boycott,,,,
3/4/2024,ููุงุฏูู ุฒููู,Zeina ,Zeina group,ููุงุฏูู,unsure,,,,
3/4/2024,ููููุฌุฒ ููุฏูุฒ,Keloggs ,Kellogg ,ุงูุดุฑูุฉ ุงูุฃู ุงูููุงูุงุช ุงูุฃูุฑูููุฉ ,boycott,,,,
3/4/2024,ุชููู ,Temu,Temu,ุฃุฑุฌู ุงุถุงูุฉ ูุฐุง ุงูุชุทุจูู ูููุงุฆูุฉ,unsure,,,,
3/5/2024,ุชููุณุช,Twist,ูุง ุงุนูู ,ูู ูุฐุง ุฏุงุนู ุงู ุจุฏูู ,unsure,,,,
3/5/2024,ุบูุบู,Google,Google,"ูุงูุช ุจุฅุฒุงูุฉ ููุณุทูู ูู ุชุทุจูู ุงูุฎุฑุงุฆุท ุงูุฎุงุต ุจูุง
ููู ุจุตุฏุฏ ุชูููุฐ ูุดุฑูุน ูููุจููุณ ุงูุฐู ูุณุงูู ูู ุชูุณุน ุงููุณุชูุทูุงุช ูุฌูุน ุงููุนูููุงุช ุนู ุงูููุณุทููููู ุจุดูู ุฃููุฑ ุฏุงุฎู ูุทุงู ุงูููุงู ุจุดูู ุฎุงุต ููุญุตูุฑ.",boycott,,,,
3/5/2024,ุงูู,o,EAU,ููุงู ุดุฑุจ,alternative,,,,
3/6/2024,ุณุจูุฑู ุณุจุงุชุณ,Spiro spats,Spats,ูุง ูุฏุนู ุงูููุงู ุงูุตููููู,alternative,,,,
3/6/2024,ูุคู ,ุชูุชู ูู ุฎูุงู ุฃุฏู ูู ุฎูุงู ูุง ุณุจู ูู ูุตุงุฏุฑูุง ุงูุฎุงุตุฉ ุจู ูู ูุฑูุฒ ,ุฃุฑูู ูู ูุจู ููุงุช ุงูุฌูุด ูุงูุดุฑุทุฉ ูู ูุตุฑ ุงูููู ูุตุฑ ุงูููุงุฑุฏู ุงุฎุจุงุฑ ุงูุฑูุงุถู ุงูููู ,ุงูุชูุชุฎุช,unsure,,,,
3/6/2024,ุงูููู ุบุงุนูููุฎุนุชููุบุนูุง,,ูููุงุฉุคุฉูุนุงุฉ,ุงุงูุงูุนุงุช,boycott,,,,
3/6/2024,ููฺคูุง,Nivea,Nivea,ููุง ุชุนุชุจุฑ ูุงุฑูุฉ ููููุง ุฏุงุนูุฉ ูููุถูุฉ ุงูููุณุทูููุฉ. ุจู ูู ุฅุญุฏู ุงูุดุฑูุงุช ุงูุชู ุชุฏุนู ุฅุณุฑุงุฆูู ูุญุฑุจูุง ุนูู ุบุฒุฉ,boycott,,,,
3/6/2024,ููู ุงู ุจู,New NB,My Perfumes UAE,ูุง ุงุนุฑู ุงู ุชูุงุตูู ููุงุณู,unsure,,,,
3/7/2024,Listerine mouth wash,ููุณุชุฑูู ,ุฌููุณูู ุงูุฏ ุฌููุณูู,ุชุงุจุน ูุดุฑูุฉ ุฌููุณูู ุงูุฏ ุฌููุณูู ,boycott,,,,
3/7/2024,InstaShop,InstaShop,ูุง ุฃุนูู,ูู ุจุฑูุงูุฌ InstaShop ุงูุดุจูู ูุจุฑูุงูุฌ ุทูุจุงุช ููุงุทุนุฉุ,unsure,,,,
3/8/2024,ุจุฑูุฒูุฏู,Prรฉsident,Prรฉsident,https://almunajemfoods.com/ar/brands/president/,boycott,,,,
3/8/2024,ูุงุบูู,LaGOON,Seville / iGLOO,"ุจุณูููุช ุฌูุฒ ุงูููุฏ ูุบุทู ุจูููุฉ ุงูุดููููุงุชุฉ 
ุตูุน ุจูุงุณุทุฉ ููุชุฌุงุช ุณูููู ุงููุญุฏูุฏุฉ (ุด.ุฐ.ู.ู)
ุงูุนูุงูุฉ ุงูุชุฌุงุฑูุฉ ุนูู ุงูุบูุงู : IGLOO
ุจูุฏ ุงูููุดุฃ : ุงูุฅูุงุฑุงุช ุงูุนุฑุจูุฉ ุงููุชุญุฏุฉ ",unsure,,,,
3/8/2024,ููู ุจุงูุงูุณ,New balance,ูุง ุฃุฏุฑู,ููุฌูุฏ ูู ูููุน ุจุฏูุงุด ุฃูู ูููุงุทุน,boycott,,,,
3/8/2024, ุฏููุณ ุทุจูุนู,Dรฉlice Le Nature ,ุดุฑูุฉ ุฏููุณ ุฏุงููู,"https://delicedanone.com/yaourt/delice-nature/
https://www.google.com/amp/s/fr.timesofisrael.com/danone-met-35-m-de-dans-une-firme-israelienne-specialisee-dans-le-lait-de-culture/amp/",boycott,,,,
3/8/2024,ุฏููุณ ูุนุทุฑ,Dรฉlice Aromatisรฉ  ,ุฏููุณ ุฏุงููู,https://www.google.com/amp/s/fr.timesofisrael.com/danone-met-35-m-de-dans-une-firme-israelienne-specialisee-dans-le-lait-de-culture/amp/,boycott,,,,
3/8/2024,ุฏููุณ ุจุชูุช,Pโtit Dรฉlice,ุฏููุณ ุฏุงููู,https://www.google.com/amp/s/fr.timesofisrael.com/danone-met-35-m-de-dans-une-firme-israelienne-specialisee-dans-le-lait-de-culture/amp/,boycott,,,,
3/8/2024,ุฏููุณ ุจุงูุบูุงู,Dรฉlice aux Fruits,ุฏููุณ ุฏุงููู,https://www.google.com/amp/s/fr.timesofisrael.com/danone-met-35-m-de-dans-une-firme-israelienne-specialisee-dans-le-lait-de-culture/amp/,boycott,,,,
3/9/2024,ูููุฒุง,Kinza,Al Jameel International Co. - Beverages Factory (Kinza),ูุง ููุฌุฏ ุงุฏูุฉ ููุฏุนูุ ูุงุฐุง ูุฌุฏ ุงุชููู ุงู ุชุชููุฑ ููุง ูุงูู ูู ุงูุซุฑ ุงูุจุฏุงุฆู ุงููุณุชุฎุฏูุฉ ุงููููุฒุฉ ูุงูููุชุงุฒุฉ,boycott,,,,
3/11/2024,ุฅููุง ุณูููุฑุฒ,Eva Smokers,Eva Cosmetics,ูุนุฌูู ุฃุณูุงู,alternative,,,,
3/11/2024,ูููุฑู,Fluoro,Eva Cosmetics,ูุนุฌูู ุฃุณูุงู ููุฃุทูุงู,alternative,,,,
3/11/2024,ุฏู ุฌู ููุฑ,DG CARE,Al Esraa Pharmaceutical Optima,ูุนุฌูู ุฃุณูุงู,boycott,,,,
3/12/2024,ููุช ุซุฑู.ููู ,myNot3.com ,Not3,ููุชุฌ ูุญูู ูุตุฑู ูุงุดุฆ ูุฏุนู ุงููุถูุฉ ุงูููุณุทูููุฉ ุจูู ููุฉ.,alternative,,,,
3/12/2024,ูููู ,koki,Americana ,ุฃุณุณุช ุงูุดุฑูุฉ ูู ุงููููุช ูู ุนุงู 1964ุ ููุงูุช ูุฏุฑุฌุฉ ูู ุณูู ุงููููุช ููุฃูุฑุงู ุงููุงููุฉ ููุฐ ุนุงู 1984 ุญุชู ุงูุณุญุงุจูุง ููู ูู ุนุงู 2018. ููุงู ุฃูุจุฑ ุงููุณุงูููู ูููุง ุดุฑูุฉ ุงูุฎูุฑ ุงููุทููุฉ ููุงุณูู ูุงูุนูุงุฑุงุช (ุงููููููุฉ ุจุงููุงูู ููุฌููุนุฉ ุงูุฎุฑุงูู) ุจู58.69 % ูุชู ุงูุงุณุชุญูุฐ ุนูู ุงูุดุฑูุฉ ูู ูุจู ูุฌููุนุฉ ุฃุฏูุจุชูู ุงููุงุจุถุฉ ุงููุญุฏูุฏุฉ ูุชุนูุฏ ููููุชูุง ุฅูู ุตูุฏูู ุงูุงุณุชุซูุงุฑุงุช ุงูุนุงูุฉ ุงูุณุนูุฏู ูุงููุณุชุซูุฑ ุงูุฅูุงุฑุงุชู ูุญูุฏ ุจู ุนูู ุจู ุฑุงุดุฏ ุงูุนุจูุงุฑ.,boycott,,,,
3/12/2024,ูููุชู,Molto,ุงูุฏูุชุง,ุบูุฑ ูุชุฃูุฏ ููู ุงูููุงุทุนู ูุนูุง ููุชุฌุงุช ุงูุฏูุชุง ูุซู ุชููููุฒ ูุบูุฑู ููู ุตุญูุญ ,boycott,,,,
3/12/2024,ุงูุนูุงูู,Alali,ุงูุณุนูุฏูุฉ ,ูู ุฎุฐู ุงููุงุฑูุฉ.ุฏุงุนูุฉุ,boycott,,,,
3/12/2024,ุฅูุฏููู,Indome ,Indofood ,ููุชุฌ ูู ุดุฑูุฉ ุฅูุฏูููุณูุฉ,alternative,,,,
3/12/2024,ุฅูุฏููู ,Indome ,Indofood ,ุดุฑูุฉ ุฅูุฏูููุณูุฉ ,alternative,,,,
3/13/2024,ุขุจู,iPhone,Apple,Please check if we should boycott it or not.,unsure,,,,
3/14/2024,ุฑุงุฏููู,Radeon ,AMD,AMD ููุงูุณ INTEL ู NVIDIA ูู ูุฌุงู ุงููุนุงูุฌุงุช ุงูุญุงุณูุจูุฉ,unsure,,,,
3/14/2024,ุดููุงูู,Chovano,ุฃุฑุงุดู ููุฏุฒ,ูุง ุฃุนุฑูู ูู ุฃู ุดุฑูุฉ  -ุฃุฑุงุดู ููุฏุฒ- ุดุฑูุฉ ูุตุฑูุฉ ูุฃูุง ุฃุดุชุฑูู ุจุดูู ูุจูุฑ ูููุช ุฃุฑูุฏ ูุนุฑูุฉ ุฅุฐุง ูุง ูุงู ููุงุทุนุฉ ุฃู ูุง ูุดูุฑุงู ุฌุฒููุงู ููู .,alternative,,,,
3/15/2024,ุฃุญูุฏ ุชู - ุดุงู ุฃุญูุฏ,Ahmed Tea,Ahmed Tea,ุดุงู ุฃุญูุฏ ุ ุดุฑูุฉ ุดุงู ูุงูุช ุงูุฑุงููุฉ ูุฃุตุจุญุช ุฅูุฌููุฒูุฉ,unsure,,,,
3/15/2024,ุงุณุจุฑูู (ุฏูุงุก),Aspirin (medication),Bayer,ูุดุฑุฉ ููุงุทุนุฉ ูู ููุงุจุฉ ุงูุตูุงุฏูุฉ ุงูุงุฑุฏููุฉ,boycott,,,,
3/15/2024,ุจุณููู ููุงููุชุฑูููุงุช,BESOMI ELECTRONICS,-,"ุงูุดุฑูุฉ ุชุชุนุงูู ูุน Edge Group ููููุงููุงุช ุงูุนุณูุฑูุฉ ู ุงูุตูุงุนุงุช ุงูุญุฑุจูุฉ
ู ุดุฑูุฉ EDGE Group ูุชุนุงููุฉ ูุน ุงูููุงู ูู ุชุทููุฑ ุจุนุถ ุงูููุธููุงุช ุงูุญุฑุจูุฉ ุงูุฏูุงุนูุฉ ููุฐ 2021",boycott,,,,
3/15/2024,ุฏูุงุฏุฑููู,Diadermine,Henkel,ุดุฑูุฉ ูุฑูุณูุฉ ,boycott,,,,
3/15/2024,ุฃุจู,Apple,Apple,American company,boycott,,,,
3/15/2024,ุณุงูุณููุฌ,Samsung,Samsung,I assume they support Israel,boycott,,,,
3/15/2024, ุฏู ุฌู ููุฑ,DG CARE,Al Esraa pharmaceutical optima,ูุนุฌูู ุงุณูุงู,alternative,,,,
3/16/2024,ุณููุชูููู,Sweatcoin โข Walking step counter,Sweatco Ltd,"ูุจุชุฏุนูุด ููุง ุชุนุฑู ุญุงุฌุฉ ุนู ููุณุทูู ุฃู ุบุฒุฉ
https://sweatco.in/",boycott,,,,
3/17/2024,ุจูุงุชู,Piatto,ุุุุ,ูุทุนู ุฅูุทุงูู ุงููููุฉ,unsure,,,,
3/17/2024,ูุงูุณู,Maxi ,ุดุฑูู ุงููุดุฑูุนุจุงุช ุงูุบุงุฒูู,ุจุฏูู ,alternative,,,,
3/18/2024,ูุฑุงุฏ,Gddfhgf,ุจุฏูู,"ุชูุจุจ


ูุงูุฑ ุฑุฉ",alternative,,,,
3/18/2024,ูุจููุชุง,Labanita,ุดุฑูุฉ ููุตูุฑ ููุฃุบุฐูุฉ,ููุชุฌ ุจุฏูู ููุฒุจุงุฏู ู ุงูุฃูุจุงู ู ุงูุฃุฌุจุงู,alternative,,,,
3/18/2024,ุญููุจ ุจุงูููุง,Belhana,ุดุฑูุฉ ููุตูุฑ ููุชุฌุงุฑุฉ ู ุงูุชูุฒูุน,ุจุฏูู ููุฃูุจุงู ุงูุฏุงุนูุฉ,alternative,,,,
3/19/2024,ุฏุงููู ,Danone,Centrale,ูู ุดุฑูุฉ ูุฑูุณูุฉ ุฏุงุนูุฉ ูุฅุณุฑุงุฆูู ,boycott,,,,
3/20/2024,ุงููุณูุงู,meswak,dabur,ูุนุฌูู ุฃุณูุงู ุงููุณูุงู ูู ุดุฑูุฉ ุฏุงุจุฑ ุ ุดุฑูุฉ ูุตุฑูุฉ,alternative,,,,
3/21/2024,ุฌุจูุฉ ูุงุฏู,Nadec,ุดุฑูุฉ ูุงุฏู,ุฌุจูุฉ ุฏูู,unsure,,,,
3/22/2024,ูุงูุจูุฑู,Malboro,Fillip morris international ,ุดุฑูุฉ ุฃูุฑูููุฉ...,boycott,,,,
3/22/2024,ููุณูู ,Nestlรฉ ,Nestlรฉ ,ุดุฑูุฉ ุฃูุฑูููุฉ ,boycott,,,,
3/22/2024,ููุฑุดูุฒ,Hersheys,HSY,ุดุฑูุฉ ุฃูุฑูููุฉ ,boycott,,,,
3/22/2024,Asan,,Asan,ุจุฏูู ,boycott,,,,
3/22/2024,Asan,,Naturz,ูู ูุฐุง ุงูููุชุฌ ูุฏุนู ุงูููุงู ุงู ูุง,boycott,,,,
3/25/2024,ูููู,koki,koki,https://besraha.com/106283,boycott,,,,
3/28/2024,ุฃุฏูุฏุงุณ, Adidas,Adidas,"ุดุฑูุฉ ุงุฏูุฏุงุณ ุงุตุฏุฑุช ุชุตุฑูุญ ูู ุจุฏุงูุฉ ุงูุญุฑุจ ุชุฏุนู ููู ุงุณุฑุงุฆูู ูู ุฃููุงููุง ู ุญุงููุง ุชุฑูุฏ ุงูุชุจุฑุน ุจูกูฅู ููููู ูุฌูุนูุฉ ุชุฏุนู ุงูุตูููููุฉ ู ุงูููุช ุงูุดุฑุงูุฉ ูุน ุงููุบูู ูุงูู ููุณุช ูุฏุนูู ููุณุทูู
ุงููุตุฏุฑ:
https://www.google.com/amp/s/www.newarab.com/news/adidas-donate-150-million-pro-israel-adl%3famp",boycott,,,,
3/29/2024,ุฑุงูุฌ ุฑููุฑ,Range rover,Tatar motor,ุดุฑูุฉ ุจุฑูุทุงููุฉ ,boycott,,,,
3/29/2024,ุงูู,o,EAU, ููุงู ูุนุฏููู,alternative,,,,
3/29/2024,ุฏููุชุดู,Dolce,Edita,ุญููู ุจุทุนู ุงููููุฉ,unsure,,,,
3/30/2024,ููููุฌุฒ ููุฏูุฒ,kelloggs,ููููุฌุฒ,ูุง ุฃุนุฑู ุจุงูุถุจุท ูุงุญุงู ูุฐู ุงูุดุฑูู ูููู ูู ุฎูุงู ุจุญุซ ุจุณูุท ุชุจูู ูู ุฃูููู ุนูู ุงูุฃุบูุจ ุฃููู ูุฐูู ุงูุดุฑูู ููุงุทุนู,unsure,,,,
3/30/2024,ุงุฌูููููุชู,,ุงุฌูููููุชู,ุงุฌูููููุชู,unsure,,,,
3/30/2024,ุญููุฏ ุจูุนูุงู,Hamoud Boualem ,ุญููุฏ ุจูุนูุงู ,ุดุฑูุฉ ุฌุฒุงุฆุฑูุฉ ,boycott,,,,
3/31/2024,ุณุงูุณููุบ,Samsung,Samsung,ุดุฑูุฉ ููุงุฏ ููุฑุจุงุฆูุฉ ูุชูููููุฌูุง,unsure,,,,
3/31/2024,ููุงุฏ ุบุฐุงุฆูุฉ,Alnaseam,Alnaseam ,ุดุฑูุฉ ููุจูุฉ ูุฅูุชุงุฌ ูุดุชูุงุช ุงูุฃูุจุงู (ุงูุญููุจ ูุงูุฒุจุงุฏู ููุจู ุงูุนูุฑุงู ูุงูุฃุฌุจุงู ูุงููุซูุฌุงุช ),alternative,,,,
3/31/2024,ุจู ุงูููููู,Alfayumi coffe,ุดุฑูุฉ ุจู ุงูููููู,ููุชุฌ ูุตุฑู ูููููุฉ,alternative,,,,
4/1/2024,ูู ุดุง,Le chat,Henkel,"https://www.henkel.com/press-and-media/press-releases-and-kits/2021-01-07-henkel-invests-in-technology-start-up-feelit-1141594
ุชุงุจุน ูุดุฑูุฉ henkel ุงูุชู ููุง ูุฑูุน ูู ุฅุณุฑุงุฆูู ",boycott,,,,
4/2/2024,ุงูุฑุงูุฌ ููุฅุชุตุงูุงุช,Orange,ุงูุฑุงูุฌ ุงููุฑูุณูุฉ,ููู ุดุฑูุฉ ูุฑุงูุณ ุชููููู SA ุณุงุจููุง ุญูุซ ุฃููุง ุดุฑูุฉ ุชูุฏู ุฎุฏูุงุช ุงููุญููู ูุงูุฅูุชุฑูุช. ุฃูุดุฆุช ุงูุนูุงูุฉ ูู ุนุงู 1994 ูุตุงูุญ ุดุจูุฉ ุฎุฏูุงุช ุงููุงุชู ุงููุญููู ูู ุงูููููุฉ ุงููุชุญุฏุฉ ุงูุชุงุจุนุฉ ูุดุฑูุฉ ูุงุชุดูุณูู ููุงุชุตุงูุงุชุ ููู ุงูุดุจูุฉ ุงูุชู ูุงูุช ูุฑุงูุณ ุชูููููู ุจุดุฑุงุฆูุง ูุงูุชูุงููุง ูู ุฃุบุณุทุณ 2000. ููู 2006ุ ุชู ุชุบููุฑ ุงุณู ููุฏู ุฎุฏูุงุช ุงูุฅูุชุฑูุช ุงููุนุฑูู ุขูุฐุงู ุจุงุณู ูุงูุงุฏู (ูุงูุฏูู) ูุชุฏุฎู ุชุญุช ุดุนุงุฑ ุฃูุฑูุฌ ูู ุงูุฃุฎุฑู. ูุงูุช ุฃูุฑูุฌ ุงูุนูุงูุฉ ุงูุชุฌุงุฑูุฉ ุงูููุญุฏุฉ ููุนุธู ุงูุฎุฏูุงุช ุงูุชู ูุงูุช ุชูุฏููุง ูุฑุงูุณ ุชููููููุ ุฅูู ุฃู ุชู ุชุบููุฑ ุนูุงูุฉ ูุฌููุนุฉ ูุฑุงูุณ ุชูููููู ุจุงููุงูู ุฅูู ุฃูุฑูุฌ. ุชู ุชุฃุณูุณ ุฃูุฑูุฌ ูุฑูุณุง ูู ุงูุนุงู 2005 ูููุน ููุฑูุง ุงูุฑุฆูุณู ูู ุจุงุฑูุณุ ูุฑูุณุง.,boycott,,,,
4/2/2024,ูุงูุงุฒุง,Lavazza ,Lavazza ,ูููุฉ ุฅูุทุงูู ,unsure,,,,
4/2/2024,ุดุงูุฏ,shahid,Mbc,"ููุงู ูุฌููุนุฉ (MBC) ุจุชูููุน ุงุชูุงููุฉ ุจูู ููุตุชูุง ""ุดุงูุฏ"" ูุดุฑูุฉ ""ุจุงุฑุชูุฑ"" ุงูุฅุณุฑุงุฆูููุฉ.",boycott,,,,
4/2/2024,ูุงุชุด ุงุช,whatch it, ุงููุชุญุฏุฉ ููุฎุฏูุงุช ุงูุฅุนูุงููุฉ,WATCH IT ูู ุฎุฏูุฉ ููุฏูู ุญุณุจ ุงูุทูุจ ู ุฎุฏูุฉ ุงูุจุซ ุงููุจุงุดุฑ ุงูุชู ุชุฎุฏู ุงูุฌูููุฑ ุงูุนุฑุจู ูู ุฌููุน ุฃูุญุงุก ุงูุนุงูู ุจุชุฌุฑุจุฉ ูุดุงูุฏุฉ ุงุณุชุซูุงุฆูุฉ ูุฃูุถู ุงููุญุชูู ุงูุนุฑุจู ูู ุงูุดุฑู ,boycott,,,,
4/4/2024,ููุฑููุฉ ุงููููุฉ ,,ุตุงูููุง ,ููุฑููุฉ ุงููููุฉ ,boycott,,,,
4/4/2024,ุจุฑูู ุงุฒูุณ, Pรฉril Isis ,Henkel ,ุดุฑูุฉ ุฃููุงููุง ,boycott,,,,
4/4/2024,ุญูุงุฉ ,Hayat ,Mansour Group ,ููุชุฌ ูุตุฑู ูกูููช ูุฃุนูู ุชุถุงููู ูุน ุงููุถูุฉ ุงูููุณุทูููุฉ ,alternative,,,,
4/4/2024,test,test,test,testtesttest,boycott,,,,
4/4/2024,ูููุง ูููู,Lina clean,Lina,ููุชุฌ ูุบุณูู ุงูุฃูุงูู ู ุงูุตุญูู ,alternative,,,,
4/4/2024,ุณููููุชู,Selecto,ุญููุฏ ุจูุนูุงู Hamoud Boualem,ูุดุฑูุจุงุช ุบุงุฒูุฉ,alternative,,,,
4/4/2024,ุณููู,Slim,Hamoud Boualem ,ูุดุฑูุจ ุบุงุฒู ,alternative,,,,
4/4/2024,ุญููุฏ ูููุง,Hamoud kola,Hamoud Boualem ,ูุดุฑูุจ ุบุงุฒู,alternative,,,,
45387.30997,ุงุฏูุจู ,Adobe ,Adobe ,https://m.calcalistech.com/Article.aspx?guid=3903090,boycott,DONE,ุฏุงุนู ุบูุฑ ูุจุงุดุฑ,Glassbox Join Adobe Exchange Partner Program - Glassbox,ุชูููููุฌูุง
45387.96898,ูููุง,Luna lip therapy ,ูููุง ,ูุฑุทุจ ุดูุงู ูููุง ุงููุนุงูุฌ ,alternative,,,,
45389.69746,ุงูููููุฒ ,elmenus ,elmenus,ุจุฏูู ุทูุจุงุช,alternative,,,,
45389.69827,ูููุฑ ุฑููุฒ,wafer rolls,Jamma ,ุจุฏูู ูููุชุณ,alternative,,,,
45389.82567,ููุฑ ุขุจ,Whereapp,whereapp ,ุจุฏูู ุฃูุจุฑ,alternative,,,,
45390.32986,ููุชุณ,lotus,lotus,ุดุฑูุฉ ุจูุฌูููุฉ,boycott,,,,
45390.33874,ุฏุงุจุฑ ุงููุณูุงู,MISWAK,ุดุฑูุฉ ูุตุฑูุฉ,https://shbabbek.com/show/228653,alternative,,,,
45391.11006,ุฏุงุจุฑ ุงููุณูุงู,Miswak,ุฏุงุจุฑ ุฅูุชุฑูุงุดููุงู,ูุนุฌูู ุฃุณูุงู,unsure,,,,
45391.11578,ุจูุงุฏูู,Panadol,GSK,"ุดุฑูุฉ ููุฑูุง ูู ููุฏู (ูุด ูุชุฃูุฏุฉ ุฅุฐุง ุฌูุณูุชูุง ุงูุฃุตููุฉ ุจุฑูุทุงููุฉ) ููููู ุฃุนูููุง ุนูู ูููุนูู ุงูุฑุณูู ุจุฏุนููู ูุฅุณุฑุงุฆููุ ุชุญุฏูุฏูุง ""ุถุญุงูุง"" ูุฌูุงุช ุญูุงุณ ุนูู ุฅุณุฑุงุฆูู ูุชูููุฑ ุงูุฅุณุนุงูุงุช ุงูุฃูููุฉ ูุงูุฎุฏูุงุช ุงูุทุจูุฉ ุงูุทุงุฑุฆุฉ ูู ุฅุณุฑุงุฆููุ ุฑุงุจุท ุงูููุงู ุจุชุงุนูู ุนูู ุงููููุน ุงูุฑุณูู:
https://www.gsk.com/en-gb/media/our-response-to-the-crisis-in-israel-and-gaza/",boycott,,,,
45391.13453,ุณุจุงุชุณ,spuds ,trop food,"ููุชุฌ ูุตุฑู
",alternative,,,,
45391.82873,ุงูููู,IPhone ,Apple ,"ุนูุฏ ุณูุฃู ุณูุฑู ุงูููุช ูู ููุณุทูู ูู ูุฌุจ.
ุงูุง ุนู ุณูุฃู ุณูุฑู ุงูููุช ูู ุฅุณุฑุงุฆูู ุณูุฌูุจ",unsure,,,,
45392.84839,ุงูุจุงู,Epal,ุงููุงุฑุณ ููุฏุฒ,ุนุตุงุฆุฑ ,unsure,,,,
45392.89433,ุงุญูุฏ ุชู ,Ahmed tea ,ูุณูุง ,ุจุฑูุทุงููู ,boycott,,,,
45393.52509,ูููุฏุงู,Hyundai,Hyundai Motors,ุดุงุญูุงุช ุงูุจูุงุก,boycott,,,,
45394.64033,ูุงูููุง,Kamena,Kamena,ุดุฑูุฉ ูุตุฑูุฉ ูุฎุชุตุฉ ุจุตูุนุฉ ุงูููุชุฌุงุช ุงูููููุงุฆูุฉ ูู ุดุงูุจู ู ุตุงุจูู ูุชูุงุจู ,boycott,,,,
45395.7036,ูุงุชุดุจ ุฏุงูููุฒ,Dino's ketchup,BCF - Birds cage for Food Industries,"ุดุฑูุฉ ุจูุฑุฏุฒ ููุฌ ููุตูุงุนุงุช ุงูุบุฐุงุฆูุฉ
ุชูุชูู 3 ุนูุงูุงุช ุชุฌุงุฑูุฉ ููููุฒุฉุ ููู (Zazio- NERO- DINOโS)

ุฑุฆูุณ ูุฌูุณ ุงูุฅุฏุงุฑุฉ: ู. ุฃูุฌุฏ ุฒูุฑุงู.

ูุนุฑูุด ูุชุฑ ูู ูุฏุฉุ ููู ูู ูุฑุตุฉ ููุชุฃูุฏ ูุฑููุง ..",unsure,,,,
45395.80526,ุฏุฌุงุฌ ูููู,Koki,Americana Group,ููุชุฌ ูุตูุน ูู ุฃูุฑููุงูุง ุฌุฑูุจ,boycott,,,,
45396.90837,ุงููุณูุงู,Miswak,ุฏุงุจุฑ,ูุนุฌูู ุฃุณูุงู ,unsure,,,,
45397.48543,ูุงุฑููุชู,Karlito,ุตูุงุนุฉ ุทุจูุง ููููุงุตูุงุช ุงูุงูุฑุจูุฉ,ุชูุงุตูู,unsure,,,,
4/15/2024,ุณููุงู,cynay.com,Cynay ,ูุญุฑู ุจุญุซ ูุตุฑู ุตูุนู Mohamed Alm ุฏุงุนู ูููุถูุฉ ุงูููุณุทูููุฉ,alternative,,,,
4/16/2024,ุฑุดูุฏู ุงูููุฒุงู,rasheedy elmezan,El Rashidi El Mizan,"ุชู ุชุฃุณูุณูุง ุณูุฉ 1889 ูู ูุจู ูุญูุฏ ุญุณูู ุงูุฑุดูุฏู 
ุชุงุฑูุฎ ุงูุดุฑูุฉ ูู ูููุนูุง ุงูุฑุณูู : https://www.elrashidielmizan.net/en/content/our-history
ููุตูุน ุงูุดุฑูุฉ ููุน ูู : ุงููุทุนุฉ 38ู39 ุงูููุทูุฉ ุงูุตูุงุนูุฉ ุงูุซุงููุฉ, ุงูุณุงุฏุณ ูู ุงูุชูุจุฑ, ุงูุฌูุฒุฉ
ู ุฏุง ููู ูููุนู ุงูุฌุบุฑุงูู : https://maps.app.goo.gl/Ddoc8dA5qLTGfEyg6",alternative,,,,
4/16/2024,ุงูุจูุงุฏู,elbawady,Harvest Foods,"ุดุฑูุฉ ุงูุจูุงุฏู ุชุงุจุนุฉ ูุดุฑูุฉ harvest foods ููุง ุชุตุฑุญ ุนูู ุตูุญุชูุง ุงูุฑุณููุฉ ุนูู ููุณุจูู : 
https://www.facebook.com/ElBawadiEg/
ููุง ุงู ุดุฑูุฉ harvest foods ุงููุฐููุฑุฉ ูู ุดุฑูุฉ ูุตุฑูุฉ ุชุฃุณุณุช ูุจู ุนูุฏูู ูู ุงูุฒูุงู ูู ุณูุฉ 1998 
https://www.harvestfoods.com.eg/ 
ูุงูุดุฑูุฉ ูุงู ูุงูุช -ููุง ุชุฒุนู ุนูู ุงูุงูู- ุชุตุฏุฑ ููุชุฌุงุชุช ุงูู ุงูุซุฑ ูู 20 ุฏููุฉ ุงูุง ุงููุง ูุตุฑูุฉ ูููุง ูุจุฏู 
ูููุณ ูู ุนูู ุจุงุณูููู ูู ุงูุจูุฑุตุฉ ุงู ุดุฑูุงุฆูู ูููู ูุง ูุจุฏู ุงู ููุงู ุดุฑุงูุฉ ุจูููู ูุจูู ุดุฑูุฉ ุงุฌูุจูุฉ ูุงููู ุงุนูู",alternative,,,,
4/18/2024,ุฏุฌุงุฌ ูููู,koki,Americana Group,ุชุงุจุน ูุดุฑูุฉ Americana ,boycott,,,,
4/18/2024,ุจุฑูุชูู ุจูุชุณ,Protein bites,Kayy,ุณูุงูุณ ุจุฑูุชููู,unsure,,,,
4/18/2024,Vodafone,Vodafone,Vodafone,"ูุฏูุช ุดุฑูุฉ ููุฏุงููู ุงุนุชุฐุงุฑูุง ุจุนุฏ ุฃู ุชููู ุนููุงุคูุง ุฑุณุงุฆู ุชุฑุญูุจูุฉ ุนูุฏ ูุจูุทูู ูู ุงูุฃุฑุงุถู ุงูููุณุทูููุฉ ุงููุญุชูุฉ (ุฅุณุฑุงุฆูู)ุ ุชุถููุช ุนุจุงุฑุฉ ""ูุฑุญุจุง ุจูู ูู ููุณุทูู"".

ููุงู ูุชุญุฏุซ ุจุงุณู ุงูุดุฑูุฉ ุฅู ุฑุณุงุฆู ุงูุชุฑุญูุจ ุงููุตูุฉ ูุคุชูุชุฉ ุจุงููุงูู"" ูุชู ุฅุฑุณุงููุง ุนู ุทุฑูู ุงูุฎุทุฃุ ูุถูููุง: ""ูุญู ูุนุชุฐุฑ ุนู ุฃู ุฅุณุงุกุฉ ุฃู ุถุบูุท ุณุจุจุชูุง ุชูู ุงูุฑุณุงุฆู ููุฅุณุฑุงุฆููููู"".

ุงูุฎุจุฑ ูู ุงูุฌุฒูุฑุฉ:
https://www.instagram.com/p/C55uLVsNZhk/",boycott,,,,
4/18/2024,ูุงู ุฏุงู,Funday,Funday,ูุฐู ุงูุดุฑูุฉ ุชุตูุน ููุชุฌุงุช ุฌูููุฉ ููู ูุง ุงุนูู ูู ูู ุฏุงุนูุฉ ุงู ูุตุฑูุฉ ูุฑุฃุช ุจูุณุช ุนูู ุงูููุณุจูู ุงููุง ูุตุฑูุฉ,unsure,,,,
4/19/2024,ูููุงูุงูุง ูุนุฌูู ุฃุณูุงู ุนุดุจู ,himalaya  herbal toothpaste,	Himalaya Drug Company,https://en.wikipedia.org/wiki/Himalaya_Wellness_Company,alternative,,,,
4/19/2024,aaa,aaaa,aaaaa,aaaaa,boycott,,,,
4/21/2024,ูููุฏ ุณุชูู ูุฑููู,Cold stone creamy,MTY Food Group,ุดุฑูุฉ ููุฏูุฉ ูุงูุงููู ุนุฏู ุงูุดุฑุงุก ูููู,boycott,,,,
4/21/2024,ุฎุจุฒ ุงูุชูุณุช ุฃุจูุถ,SSLICED BREAD WHITE,ููุฒูู,ููุฒูู ุฅุญุฏู ุดุฑูุงุช ุงููุฑุงุนู,unsure,,,,
4/22/2024,ุฏุงุจู ุฏูุฑ,Double Dear,Mix Tender,ุบูุฑ ูุชุฃูุฏ ูู ูุฐุง ุงูููุชุฌ ูู ุฏุงุนู ุงู ูุง ,unsure,,,,
4/23/2024,ูุงุฑุง ููุงุฏูู ูุจููุฉ ูุฅุฒุงูุฉ ุงููููุงุฌ (ุงููุฌู ูุงูุนูู), Lara Make-Up Remover Wet Wipes (Face &Eye),Lara Care,ูุงุฑุง ููุงุฏูู ูุจููุฉ ูุฅุฒุงูุฉ ุงููููุงุฌ ,unsure,,,,
4/24/2024,ููููุง, Nivea,Nivea,"ููู ูููุน ุฒูููุง ุงุณูู badayli
https://badayli.com/eg-ar/
ุญุงุทุท ุงู ููููุง ุฏุงุนูู ุนุดุงู ูู ุดุฑูู ุงููุงููู ูุงููุงููุง ุฏุงุนูู ููููุงู
 ูู ุชุนุชุจุฑ ูุฏู ููููุง ููุงุทุนู ููุง ุงูู ุ
ุดูุฑุง",unsure,,,,
4/24/2024,ุฌูุงูุณู,Glagsy,esraeel,ูู ุดุฑูู ุงุณุฑุงุฆูู ,boycott,,,,
4/26/2024,ูุณูุงู,Miswak ,ุฏุงุจุฑ ุงููุณูุงู,ูุนุชุจุฑ ูุฐ ุงููุนุฌูู ุจุฏูู ููููุฒ ุงุจ ,alternative,,,,
4/26/2024,ุงูุณ ุจููุณ,Xbox,Microsoft ,ุฌูุงุฒ gaming ,unsure,,,,
4/26/2024,ุจูุงูุณุชูุดู,Playstation ,Sony,ุฌูุงุฒ ุงูุนุงุจ,unsure,,,,
4/26/2024,ุฏู ุฌู ููุฑ,DG CARE,ุงูุฅุณุฑุงุก ูุงุฑูุงุณููุชููุงู ุฃูุจุชููุง,ุฅูุชุงุฌ ูุตุฑู 100%,alternative,,,,
4/28/2024,ูุทุนู ุชููุง,Tika restaurant ,Americana group,ุชุงุจุน ูุดุฑูุฉ Americana group ุงูุฏุงุนูุฉ ููููุงู ุงูุตููููู ู ุงููุงููุฉ ูุนุฏุฉ ุงุณูุงุก ู ูุทุงุนู ุฏุงุนูุฉ ุงูุถุง ููููุงู,boycott,,,,
4/28/2024,ูุณูุงู,miswak,ุฏุงุจุฑ ุฅูุชุฑูุงุดูููุงู,ุฃุนุชูุฏ ุงู ูุณูุงู (ูุนุฌูู ุฃุณูุงู) ุบูุฑ ููุงุทุนุฉ ุจูุณุจุฉ 75%,unsure,,,,
4/28/2024,ูุณูุงู,miswak,ุฏุงุจุฑ ุฅูุชุฑูุงุดูููุงู,ูุด ููุงุทุนุฉ,alternative,,,,
5/1/2024,ุฏููุณู,Dolce,ุณูุณูุชูู ุฏู ุจุฑูุฏูู ูุณุชูู ุฅุณ ุฅูู - ูููู - ุณููุณุฑุง,ุนุงูุฒุฉ ุฃุนุฑู ูู ููุงุทุนุฉ ููุง ุจุฏููุ,unsure,,,,
5/2/2024,ุนุตูุฑ ุฑุงูู,Rani,http://www.aujan.com,"Aujan Coca-Cola Beverages Company and Rani Refreshments were established following a partnership between The Coca-Cola Company and Aujanโs beverage business

ุจุฑุฌุงุก ูุฑุงุฌุนุฉ ุงูุฎุงุต ุจุงูุดุฑูุฉ (our history) ุณุชุฌุฏูู ุฃู ููุงู ุดุฑุงูุฉ ููุฐ ูขููกูข ูุน ูููุง ูููุง 

ุฑุฌุงุกุง ุฅุฏุฑุงุฌ ูู ููุชุฌุงุช ุงูุดุฑูุฉ ุชุญุช ุชุตููู (ุฏุงุนู)",boycott,,,,
5/2/2024,ุดูุจุณููู,Chipseco,ุดุฑูุฉ ุงูุฌููุฑุฉ,ูููููู ุงู ููุชุฌ ูุตุฑูุฉ 100%,unsure,,,,
5/4/2024,ุฏุฑุงุบูู ุจูู ุฒูููููุฑุณ 2,Dragon ball xenoverse 2,Bandai ,ูุนุจุฉ gaming ,unsure,,,,
5/4/2024,ุฃููุง ุชุงุจ,aqua,ุงูุดุฑูุฉ ุงูุนุฑุจูุฉ ููุนุงูุฌุฉ ูุชุนุจุฆุฉ ููุงุฉ ุงูุดุฑุจ,ูู ูู ููุงุทุนุฉ ููุง ูุงุ,unsure,,,,
5/5/2024,ูุงุฑุง ุชูุฉ, Krtyiy, ุดุจุณู,"ุงุณุฑุกูู
",boycott,,,,
5/5/2024,ุฏูุฏู,Didi,Xiaoju Kuaizhi Inc,"ุงูุดุฑูุฉ ุตููููุฉ ุจุงุณุชุซูุงุก ุญุตุฉ ูุงูุจุฑ ุจูุณุจุฉ 12% ุงุนุชูุฏ ูููู ูุนุชุจุฑูุง ุจุฏูู
https://en.wikipedia.org/wiki/DiDi",unsure,,,,
5/5/2024,ุขูุณ ูููู - ูููุซู,Ice-Coffe Healthy,Healthy,ูุฐุง ุงูููุชุฌ ุบูุฑ ุฏุงุนู . ,alternative,,,,
5/7/2024,ุชูู ุชุงู,tic tac,tic tac  ,ูุนุฑูุด ,unsure,,,,
5/9/2024,ุจุณูููุช ุงู ุฌู ุฌุฑุงูุฏูุง,Original Grandmas Biscuits,ุณููููุฑูุชุง,ุงุชุฃูุฏู ูู ุฏุง ูุง ุฌูุงุนุฉ,unsure,,,,
5/11/2024,ุณุจุงุฑูู,SparkKe,TAI,ููุน ุงูููุชุฌ ุดุงูุจูุง ูููุจุงุฑ ู ููุฌุฏ ููุตุบุงุฑ ู ููุชุฌุงุช ุนูุงูุฉ ุงูุซุฑ,unsure,,,,
5/13/2024,ุฏูุฑู ูููู,Dairy milk,Cadbury,ูู ุดุฑูุฉ cadbury ููู ุงูุดููููุงุชู ูุนุฑููุฉ ุจุงุณู dairy milk ุงูุซุฑ ููุฌุจ ุงุฑูุงููุง,boycott,,,,
5/14/2024,ุณููุงู,cynay.com,Mohamed ALM,"ูุญุฑู ุจุญุซ ูุตุฑู ุฏุงุนู ูููุถูุฉ ุงูููุณุทูููุฉ 
cynay.com ู ูุญุชุฑู ุฎุตูุตูุฉ ุงููุณุชุฎุฏู 
linkedin : https://eg.linkedin.com/in/theonlyalm?trk=org-employees
instagram : https://www.instagram.com/cynay.official/",alternative,,,,
5/15/2024,ุงูุฌููุณุฑูู,Glycerin ,Glycerin ,ุตูุน ูู ุงูููุฏ ,boycott,,,,
5/15/2024,ููููุฌุฒ ููุฏูุฒ,Kelloggs,Kelloggs,ูุณุช ูุชุฃูุฏ ูููููุง ุงุตููุง ุดุฑูุฉ ุงูุฑูููุฉ,unsure,,,,
5/16/2024,ุฃูู,Eau,ุดุฑูุฉ ุงูููุฑ ููุตูุงุนุฉ,ุฒุฌุงุฌุฉ ูุงุก,alternative,,,,
45428.74667,ุณุจุงูุณู,Spysi,Kamena,ุฎูุทุฉ ุดุงูุฑูุง,unsure,,,,
45429.0526,ููููุง,Nivea,Beiersdorf,ูุด ูุชุงูุฏ ูู ุงููุง ููุงุทุนู ููุง ,unsure,,,,
45430.75632,ููููู,MONIN,MONIN,ููุฏ ุชุนุงูุฏุช ูุฐู ุงูุดุฑูุฉ ูุน ุงูููุงู ุงูุตููููู,boycott,,,,
45431.81421,ุจููุฌูุฑูู ,Bonjorno,ูุณุชูู,ุชุนุชุจุฑ ูุณุชูุฉ ุดุฑูุฉ ูุทุจุนุฉ ููุง ุฃุณูู ูู ุดุฑูุฉ ุฑุฌุงู ุฃุนูุงู ุฅุณุฑุงุฆููููุ ููุฏููุง ูุฑูุฒ ููุฃุจุญุงุซ ูุงูุชุทููุฑ ููุฑู ูู ูุณุชูุทูุฉ ุณุฏูุฑูุช ุงูุชู ุญุฑุฑูุง ุงููุฌุงูุฏูู ูุจู ูุชุฑุฉ.,boycott,,,,
45431.8165,ุจููุฏ ,blend ,Blend coffee factory ,ุดุฑูุฉ ูุตุฑูุฉ ุจุชุนูู ูููุฉ ุงุณุจุฑูุณู ู ูุณูุงููู ู ููุชุฑ ูููู ,alternative,,,,
45431.81973,ุณููุงุฒ ,Seelaz ,Seelaz ,ุดุฑูุฉ ูุตุฑูุฉ ุจุชุนูู ุจู ุชุฑูู ู ูููุฉ ุงุณุจุฑูุณู ู ูุณูุงููู ุจุฃุทุนู ,alternative,,,,
45433.49242,ุชููุณุช,Twist,~~~ุ~~~,Energy drink - ูุดุฑูุจ ุทุงูุฉ ,unsure,,,,
45433.80553,ุนุณู ุงูุชูุงู ,Imtenan ,ุดุฑูุฉ ุฅูุชูุงู ูุตูุงุนุงุช ุงูููุงุฏ ุงูุบุฐุงุฆูุฉ ,ุดุฑูุฉ ุฅูุชูุงู ุชุตูุน ุงูุนุณู ููุชุฌ ุงุณุงุณู ู ุจุนุถ ุงูููุชุฌุงุช ุงูุบุฐุงุฆูุฉ ุงูุฃุฎุฑู ูุซู ุงูุจู ู ุงูููุงูู ุงููุฌููู ...ุงูุฎ ุธูุฑุช ูู ุณูู ุงููุตุฑูุฉ ููุงุฑูู ูู ุนุงู 1984ู ูู ูุตุฑูุฉ ูููู ููุงู ุจุฃูู ููุงู ูููู ุฌุฏุง ูู ุงูุฃุณูู ููุณ ูุตุฑูุงู ,unsure,,,,
45434.02187,ุฃููุงุจููุฑุชู,Aquapurity ,ุฑุชุด ูุงูุฏ,ููุงู ุบุงุฒูุฉ,unsure,,,,
45434.02287,ุฃููุง ุฏูุชุง,Aqua delta,Wapco,ููุงู ุบุงุฒูุฉ,unsure,,,,
45436.49578,ุฏูุชูู,Dettol,Reckitt Benckiser,ุนูุงูุฉ ุชุฌุงุฑูุฉ ููุณุชูุฒูุงุช ุงูุชูุธูู ูุงููุทูุฑุงุช ูุงููุนููุงุชุ ุจุฏุฃุช ุนุงู 1932 ูุงูุดุฑูุฉ ูููููุฉ ูุดุฑูุฉ ุฑูููุช ุงูุจุฑูุทุงููุฉ. ูู ุฃููุงููุง ูุจุงุน ุชุญุช ุงุณู ุณุงุบุฑูุชุงู,unsure,,,,
45439.5416,ุชููุณุช,Twist,Twist,         ,unsure,,,,
45439.82101,Degree,Degree Clinical protection,Unilever,ุงูุดุฑูู ุงูุงู ุงูููุฑูุถ ููุงุทุนู ููู ุฏู ุงูููุชุฌ ุงูุทุจู ุงููุญูุฏ ู ูุตุฑ ูู ุงูููุน ุฏู,boycott,,,,
45440.46715,ุจูู ุฑููุฒ,,Edita,ูุนุธู ุงูุฃุณูู ุฃุฌูุจูุฉ,boycott,,,,
45440.73341,ุจูู ุฑููุฒ,,ุงุฏูุชุง,ูุฃููุง ุชุฏุนู ุงุณุฑุงุฆูู,boycott,,,,
45441.55518,ุนุตูุฑ ุจูุชู,Beyti, ุจูุชู,ูู ุนุฑุจู ุชูุฑูุจุง ุจุณ ุนุงูุฒุฉ ุงุชุงูุฏ ูููู ูุนุฑูุด ุชูุงุตูู,unsure,,,,
45441.67979,ุชููุณุช,Twist,Twist,ูุดุฑูุจ ุทุงูู,boycott,,,,
45442.88209,ููููุฒ,,ุฃูุฏููุง ููุณ ุดุฑูุฉ ูููุชู,ุฑุงุฌุนูุง ูุง ุฌุฏุนุงู ุนุงูููู ุดุบู ูููุณ ููููุง ุงููุนูููุงุช ุตุญ ุจูู ูุด ูุนููู,boycott,,,,
,ูุงููููู,Yahoo,Faragalla Group,ูุฌููุนุฉ ูุฑุฌ ุงููู ุงููููููุฉ ููุฑุฌ ุนุงูุฑ ุจุชุตุฏุฑ ููุงุฏ ุบุฐุงุฆูุฉ ููุณูู ุงูุฅุณุฑุงุฆููู https://thenewkhalij.news/article/148331/%D8%B3%D9%8A%D8%A7%D8%B3%D8%A9-%D8%AD%D9%85%D9%84%D8%A9-%D9%85%D8%B5%D8%B1%D9%8A%D8%A9-%D9%84%D9%85%D9%82%D8%A7%D8%B7%D8%B9%D8%A9-%D8%B4%D8%B1%D9%83%D8%A9-%D9%81%D8%B1%D8%AC%D9%84%D9%84%D9%88-%D9%84%D8%AA%D8%B5%D8%AF%D9%8A%D8%B1%D9%87%D8%A7-%D8%A7%D9%84%D9%85%D9%84%D9%88%D8%AE%D9%8A%D8%A9-%D8%A5%D9%84%D9%89-%D8%A5%D8%B3%D8%B1%D8%A7%D8%A6%D9%8A%D9%84,Boycott,,ุฏุงุนู,ูุฌููุนุฉ ูุฑุฌ ุงููู ุงููููููุฉ ููุฑุฌ ุนุงูุฑ ุจุชุตุฏุฑ ููุงุฏ ุบุฐุงุฆูุฉ ููุณูู ุงูุฅุณุฑุงุฆููู https://thenewkhalij.news/article/148331/%D8%B3%D9%8A%D8%A7%D8%B3%D8%A9-%D8%AD%D9%85%D9%84%D8%A9-%D9%85%D8%B5%D8%B1%D9%8A%D8%A9-%D9%84%D9%85%D9%82%D8%A7%D8%B7%D8%B9%D8%A9-%D8%B4%D8%B1%D9%83%D8%A9-%D9%81%D8%B1%D8%AC%D9%84%D9%84%D9%88-%D9%84%D8%AA%D8%B5%D8%AF%D9%8A%D8%B1%D9%87%D8%A7-%D8%A7%D9%84%D9%85%D9%84%D9%88%D8%AE%D9%8A%D8%A9-%D8%A5%D9%84%D9%89-%D8%A5%D8%B3%D8%B1%D8%A7%D8%A6%D9%8A%D9%84,ูุดุฑูุจุงุช
,ูุฑุฌูู ุนุตูุฑ,Faragalla,Faragalla Group,ูุฌููุนุฉ ูุฑุฌ ุงููู ุงููููููุฉ ููุฑุฌ ุนุงูุฑ ุจุชุตุฏุฑ ููุงุฏ ุบุฐุงุฆูุฉ ููุณูู ุงูุฅุณุฑุงุฆููู https://thenewkhalij.news/article/148331/%D8%B3%D9%8A%D8%A7%D8%B3%D8%A9-%D8%AD%D9%85%D9%84%D8%A9-%D9%85%D8%B5%D8%B1%D9%8A%D8%A9-%D9%84%D9%85%D9%82%D8%A7%D8%B7%D8%B9%D8%A9-%D8%B4%D8%B1%D9%83%D8%A9-%D9%81%D8%B1%D8%AC%D9%84%D9%84%D9%88-%D9%84%D8%AA%D8%B5%D8%AF%D9%8A%D8%B1%D9%87%D8%A7-%D8%A7%D9%84%D9%85%D9%84%D9%88%D8%AE%D9%8A%D8%A9-%D8%A5%D9%84%D9%89-%D8%A5%D8%B3%D8%B1%D8%A7%D8%A6%D9%8A%D9%84,Boycott,,ุฏุงุนู,ูุฌููุนุฉ ูุฑุฌ ุงููู ุงููููููุฉ ููุฑุฌ ุนุงูุฑ ุจุชุตุฏุฑ ููุงุฏ ุบุฐุงุฆูุฉ ููุณูู ุงูุฅุณุฑุงุฆููู https://thenewkhalij.news/article/148331/%D8%B3%D9%8A%D8%A7%D8%B3%D8%A9-%D8%AD%D9%85%D9%84%D8%A9-%D9%85%D8%B5%D8%B1%D9%8A%D8%A9-%D9%84%D9%85%D9%82%D8%A7%D8%B7%D8%B9%D8%A9-%D8%B4%D8%B1%D9%83%D8%A9-%D9%81%D8%B1%D8%AC%D9%84%D9%84%D9%88-%D9%84%D8%AA%D8%B5%D8%AF%D9%8A%D8%B1%D9%87%D8%A7-%D8%A7%D9%84%D9%85%D9%84%D9%88%D8%AE%D9%8A%D8%A9-%D8%A5%D9%84%D9%89-%D8%A5%D8%B3%D8%B1%D8%A7%D8%A6%D9%8A%D9%85,ููุงุฏ ุบุฐุงุฆูุฉ
,,Faragalla,Faragalla Group,ูุฌููุนุฉ ูุฑุฌ ุงููู ุงููููููุฉ ููุฑุฌ ุนุงูุฑ ุจุชุตุฏุฑ ููุงุฏ ุบุฐุงุฆูุฉ ููุณูู ุงูุฅุณุฑุงุฆููู https://thenewkhalij.news/article/148331/%D8%B3%D9%8A%D8%A7%D8%B3%D8%A9-%D8%AD%D9%85%D9%84%D8%A9-%D9%85%D8%B5%D8%B1%D9%8A%D8%A9-%D9%84%D9%85%D9%82%D8%A7%D8%B7%D8%B9%D8%A9-%D8%B4%D8%B1%D9%83%D8%A9-%D9%81%D8%B1%D8%AC%D9%84%D9%84%D9%88-%D9%84%D8%AA%D8%B5%D8%AF%D9%8A%D8%B1%D9%87%D8%A7-%D8%A7%D9%84%D9%85%D9%84%D9%88%D8%AE%D9%8A%D8%A9-%D8%A5%D9%84%D9%89-%D8%A5%D8%B3%D8%B1%D8%A7%D8%A6%D9%8A%D9%84,Boycott,,ุฏุงุนู,ูุฌููุนุฉ ูุฑุฌ ุงููู ุงููููููุฉ ููุฑุฌ ุนุงูุฑ ุจุชุตุฏุฑ ููุงุฏ ุบุฐุงุฆูุฉ ููุณูู ุงูุฅุณุฑุงุฆููู https://thenewkhalij.news/article/148331/%D8%B3%D9%8A%D8%A7%D8%B3%D8%A9-%D8%AD%D9%85%D9%84%D8%A9-%D9%85%D8%B5%D8%B1%D9%8A%D8%A9-%D9%84%D9%85%D9%82%D8%A7%D8%B7%D8%B9%D8%A9-%D8%B4%D8%B1%D9%83%D8%A9-%D9%81%D8%B1%D8%AC%D9%84%D9%84%D9%88-%D9%84%D8%AA%D8%B5%D8%AF%D9%8A%D8%B1%D9%87%D8%A7-%D8%A7%D9%84%D9%85%D9%84%D9%88%D8%AE%D9%8A%D8%A9-%D8%A5%D9%84%D9%89-%D8%A5%D8%B3%D8%B1%D8%A7%D8%A6%D9%8A%D9%86,ููุงุฏ ุบุฐุงุฆูุฉ