Original Index,Date,Name,English Name,Manufacturer,Details,Type,Reviewed,Alternate,Additional Info,Type Again
0,12/22/2023,جرين موكتيلز,green mocktails,شركة ميكس تيندر,شركة جرين كولا مصر و ميكس تيندر,alternative,,,,
1,1/1/2024,مندولين,Mandolin,كادبوري,دعم الكيان الصهيوني,boycott,,,,
2,1/3/2024,جوميا,Jumia,Jumia Technologies AG,بديل لموقع امازون و نوون للتسوق عبر الانترنت,alternative,,,,
3,1/3/2024,تريو,رول,بيراميدز للتجميل,منتج محلي غالبا,alternative,,,,
4,1/3/2024,بيبسي,Pepsi,Pepsi,صهيونيه,boycott,,,,
5,1/3/2024,جرين كولا ,Green Cola,Green Cola Hellas,منتج يوناني وغالباً داعم من بحث سريع علي جوجل ولكن لست متاكد ١٠٠٪,unsure,,,,
6,1/3/2024,نون دوت كوم,Noon,محمد العبار,دعم اسرائيل ماديا,boycott,,,,
7,1/4/2024,يوجو,Ugo,Management gate,منتج بديل لبيبسي وكوكا كولا,alternative,,,,
8,1/4/2024,باريستاز,Baristas,شاب اسمه محمد,شاب اسمه محمد بيعمل بديل النسكافيه,alternative,,,,
9,1/4/2024,مينترا,Mintra,Mintra,احذية رياضية مصرية الصنع,alternative,,,,
10,1/4/2024,أونو,UNO,Orouba coffee company ,هو المفروض مش مقاطعة بس انا اول مرة اسمع عن الشركة دي فالاحسن تدورو بردو عشان نتاكد وفي حد كان بيقول ان شركة misr cafe مقاطعة وان coffe break  مقاطعة عشان تبعها فلو ممكن تتاكدو بردو,unsure,,,,
11,1/4/2024,مشروب فولت ,volt energy drink ,volt.eg,مش عارف اي تفاصيل😁,unsure,,,,
12,1/4/2024,باريستا,Baristas ,Local brand by Mohamed Ali,Coffee and instant coffee ,alternative,,,,
13,1/4/2024,دوبل دير,Double dare,Double dare ?,مشروب جامد,alternative,,,,
14,1/4/2024,تيم كولا برتقال ليمون صودا,Pepsi ,Pepsi ,مكتوب علي العبوة بيبسي بقشان..,unsure,,,,
15,1/4/2024,لولو ماركت,Lulu Market,LuLu Group International,"
لولو هي شركة اماراتيه هندية الاصل 
https://en.wikipedia.org/wiki/LuLu_Group_International

يمتلكها رجل اعمال هندي مسلم يسمي يوسف
https://en.wikipedia.org/wiki/M._A._Yusuff_Ali",unsure,,,,
16,1/4/2024,دييل,Deel,Deel inc,Israeli founder,boycott,,,,
17,1/4/2024,توال,Canvas,Mo_Tools,هو لوحات مجهزة للرسم متاحه بجميع المقاسات والأشكال وبأسعار أقل من المسورد وجودة مميزة ,alternative,,,,
18,1/4/2024,فتح الله ماركت,Fateh Allah Market,Fateh Allah Market,بديل للمحلات,alternative,,,,
19,1/4/2024,قدوة,QODWA,QODWA LTD,YouTube and TikTok alternative,alternative,,,,
20,1/4/2024,سجاير هيتس,Heets cigarettes ,فيليب موريس,سجاير  ,unsure,,,,
21,1/4/2024,جود فرانس,good france,Soreal,دورت كثير  و لقيت علي ابلكيشن اسمه Sa7wa انه داعم لاسرائيل كنت بجيبه علي اساس انه بديل للصوصات بس للاسف طلع غلط,boycott,,,,
22,1/4/2024,منتجات ايديتا,Edita,Edita,https://m.facebook.com/story.php?story_fbid=pfbid025XAi6J9K16NAUcbvoUemgtZFzn6JcjrwGSYAtHChFczanUCNPg91AHstv5KUtUkhl&id=61552693121397&mibextid=Nif5oz,boycott,,,,
23,1/4/2024,مولتو وجميع منتجات ايديتا,molto,edita,https://m.facebook.com/story.php?story_fbid=pfbid025XAi6J9K16NAUcbvoUemgtZFzn6JcjrwGSYAtHChFczanUCNPg91AHstv5KUtUkhl&id=61552693121397&mibextid=Nif5oz,boycott,,,,
24,1/4/2024,أوه مياه,Eau water,شركة النور للصناعة,"مش عارف
- نبيل",unsure,,,,
25,1/5/2024,فيروز,Fayrouz,Al Ahram Beverages,Al Ahram Beverages is a member of the Heineken group,boycott,,,,
26,1/5/2024,دولسى,Dolce,mimix ,تبع شركه ايديتا الشركه دى مقاطعه ,unsure,,,,
27,1/5/2024,كلاركس,clarks,C. & J. Clark Retail,-----,unsure,,,,
28,1/5/2024,مياة حياة ,Hayat ,شركة المنصور القابضة للاستثمارات المالية ,تعود ملكية العلامة التجارية لشركة مياه حياة، إلى شركة المنصور القابضة للاستثمارات المالية لتوزيع منتجات العلامات التجارية الشهيرة من خلال منافذ المجموعة، والتي تم تأسيسها عام 1992، وتقوم الشركة بتصنيع وتوزيع العديد من المنتجات الغذائية والمياه والعصائر مثل مياه حياة.,alternative,,,,
29,"1/6/2024, 1/29/2024",منفذ,Monafiz,"Mobtakr LLC, Monafiz",منفذ منصة عربية للعمل وبيع الخدمات المصغرة. | منصة عمل حر عربية,alternative,,,,
30,1/6/2024,اولد سبيس,Old Spice, ( P&G) Procter & Gamble,داعم للكيان,boycott,,,,
31,1/6/2024,إكسبرت غسول اللحية,Expert Beard Wash ,Man Look,غسول لحية ,unsure,,,,
32,1/7/2024,شاي أحمد,Ahmad Tea,Ahmad Tea London,"بلد المنشأ بريطانيا منذ 1979
https://ahmadteausa.com/pages/our-story",boycott,,,,
33,1/7/2024,كلوس آب,Closeup,Unilever,Close-up is an American brand of toothpaste launched in 1967 by Unilever as the first gel toothpaste.[1][2] The brand is marketed worldwide by Unilever[3] and licensed since 2003[4][5] to Church & Dwight for the North American market.,boycott,,,,
34,"1/7/2024, 2/29/2024, 3/12/2024",إندومي,"Indomie, Indome, Indome ","Indofood, Indofood ",الشركة المصنعة مقرها في إندونيسيا لكن في شركة مالكة صينية اسمها First Pacific | شركة إندونيسية / نوعه: نودلز | منتج من شركة إندونيسية,"unsure, alternative",,,,
35,1/7/2024,فاين,Fine,شركة البردي لصناعة الورق,شرمة فاين للورقيات لا ادري هل هي داعمة ام لا,unsure,,,,
36,"1/7/2024, 1/29/2024, 1/30/2024",اوكسي,"Oxi, oxi","أرما للصابون والمنظفات , Henkel, لا اعلم, Arma , أرما للصابون والمنظفات",الشركة عربيه بمدينة العاشر من رمضان ، المنتج بديل عن برسيل  | تبع شركه امريكيه | مسحوق غسيل | مسحوق غسيل  | غير متأكد,"alternative, boycott, unsure",,,,
37,1/7/2024,قهوة سيجافريدو,segafredo coffee,Massimo Zanetti Beverage Group,"nothing, just check please",unsure,,,,
38,1/7/2024,قهوة كيمبو,kimbo coffee,kimbo,please check,boycott,,,,
39,1/7/2024,أحمد تي,Ahmed Tea,Ahmed tea ,مقرها بريطانيا ,boycott,,,,
40,"1/7/2024, 3/3/2024, 4/24/2024, 45429.0526",نيفيا,"Nivea , nivea,  Nivea, Nivea","Beiersdorf Global AG, nivea, Nivea, Beiersdorf","لها أصول أمريكية وألمانية | شركة نيفيا هي شركة المانية وهي من ابرز داعمين اسراءيل | فيه موقع زيكوا اسمه badayli
https://badayli.com/eg-ar/
حاطط ان نيفيا داعمه عشان هي شركه المانيه والمانيا داعمه للكيان
 هل تعتبر كده نيفيا مقاطعه ولا ايه ؟
شكرا | مش متاكد من انها مقاطعه ولا ","boycott, unsure",,,,
41,1/7/2024,دي جي كير,DG Care,AlEsraa,"بديل لمعجون الاسنان, ليس بنفس الجودة لكنه بديل",alternative,,,,
42,1/7/2024,ماتريكس كولا,matrix,ضفاف النهرين,يقال أنه بديل ولكن غير متاكد,unsure,,,,
43,1/7/2024,هنتر فودز,HUNTER FOODS,Hunter Foods Group Limited,داعمة,boycott,,,,
45,1/7/2024,منصة شاهد,Shahid,مجموعة MBC,"قيام مجموعة (MBC) بتوقيع اتفاقية بين منصتها ""شاهد"" وشركة ""بارتنر"" الإسرائيلية

https://www.newarab.com/news/saudis-shahid-partners-israeli-mobile-company-reports",boycott,,,,
46,1/7/2024,فينيش,Finish,شركة بولندية,ابحث عن بديل لاقراص finish لغسالة الاطباق و كل البدائل قد تفسد الغسالة و تترك رواسب,boycott,,,,
47,1/7/2024,اوراكل,Oracle,اوراكل,https://x.com/oracle/status/1710696847667306762?s=46,boycott,,,,
48,1/7/2024,مولتو و هوهوز,Molto,Edita ,https://www.facebook.com/100006189888667/posts/3622023158013978/?mibextid=rS40aB7S9Ucbxw6v,boycott,,,,
49,"1/8/2024, 45390.32986",لوتس,"LotusBiscoff, lotus","Lotus Bakeries NV, lotus",I can't enter any name with spaces  | شركة بلجيكية,"unsure, boycott",,,,
50,1/8/2024,ايمارتس,EMarts,TEQNEIA,منتج مصري بديل لمنتجات امريكية لا اعلم اذا كانت داعمة ام لا مثل shopify و لكن اشتراكاته اقل و بالجنيه المصري ,alternative,,,,
51,"1/8/2024, 45390.33874, 45391.11006",دابر المسواك,"Dabur Miswak, MISWAK, Miswak","دابر إيجبت المحدودة, شركة مصرية, دابر إنترناشونال",بديل معاجين الأسنان سيجنال وكلوزآب | https://shbabbek.com/show/228653 | معجون أسنان,"alternative, unsure",,,,
52,"1/8/2024, 3/11/2024",فلورو,"Floro, Fluoro","ايفا , Eva Cosmetics",بديل معاجين الأسنان سيجنال وكلوزآب | معجون أسنان للأطفال,alternative,,,,
53,"1/8/2024, 2/29/2024",ديلى ديف,"Daily dev, DailyDev","Daily dev, Dailydev",https://www.linkedin.com/posts/ido-shamun_effective-december-22-paul-biggar-is-no-activity-7144255311644721152-IH43?utm_source=share&utm_medium=member_ios | https://x.com/zeyadetman/status/1744446410039181321?s=46,boycott,,,,
54,1/9/2024,كوفى ميكس, Coffee Mix,Nestle,Nestle product,boycott,,,,
55,1/9/2024,بريك,Break,Americana Group," Americana’s network encompasses several brands, some of which are KFC, Pizza Hut, Hardee's, T.G.I., Costa Coffee, Baskin Robbins, Krispy Kreme",boycott,,,,
56,"1/9/2024, 1/31/2024",يوني كافيه,"UniCafe, Uni Cafe","داماس, داماس للصناعات الغذائية",بديل عن نسكافيه  | https://www.damas-food.net,alternative,,,,
57,1/9/2024,باربيكان,Barbican,شركة العوجان السعوديه,قرأت انه منتج سعودي لكن اكتشفت ان شركة كوكاكولا اشترت 50 % من اسهم الشركه ارجوا البحث وشكرا لمجهودكم,unsure,,,,
58,1/10/2024,اروى,Arwa,كوكاكولا ,"تصنيع شركة كوكاكولا
المنتج متوفر في دول الخليج ",boycott,,,,
59,1/11/2024,اوسو,oso,لا اعرف,مشروب غازي كولا,unsure,,,,
60,1/11/2024,فانيش,vanish,لا اعرف,مسحوق,unsure,,,,
61,1/11/2024,حلوى - تمر رطب سكري,Sweet Tamr,طبيعي,يوجد العديد من تمر الرطب السكري وهو متوفر في جميع الدول ويعتبر في نفس اسعار الحلويات وهو من افخم انوا التمور. الكيلو يعادل ١٢٠ج ويمكن ان يقضي معك شهر فس الصباح مع القهوة,alternative,,,,
62,"1/11/2024, 1/30/2024, 45397.48543",كارليتو,"Carlito, Karlito","شركة التاج المنير للمواد الغذائية, Mansour Food Industries, صناعة طبقا للمواصفات الاوربية",بديل  دوريتوس | بديل للدوريتوس | تفاصيل,"alternative, unsure",,,,
63,1/11/2024,تيم,Teem,بيبسي,منتج تابع لشركة بيبسي ,boycott,,,,
64,"1/13/2024, 1/29/2024, 2/1/2024, 4/26/2024, 4/28/2024",مسواك,"Miswak, miswak, Miswak ","Dabur, dubour, دابر المسواك, دابر إنترناشيونال","اسنان | شركة هندية تقوم بصناعة منتجات من المواد الطبيعية
والهند تقوم بدعم القضية الفلسطينية
https://www.shorouknews.com/news/view.aspx?cdate=23112023&id=56b66318-80e3-46dd-b80c-6448cf9cb163
صفحة الشركة على ويكيبديا
https://en.wikipedia.org/wiki/Dabur
 | معجون اسنان | يعتبر هذ المعجون بديل لكلوز اب  | أعتقد ان مسواك (معجون أسنان) غير مقاطعة بنسبة 75% | مش مقاطعة","alternative, boycott, unsure",,,,
65,1/14/2024,ماتركس,Matrix,شركة ضفاف النهرين,"بديل أردني للمشروبات الغازية (Pepsi, 7UP, Miranda)",alternative,,,,
66,1/15/2024,لينوفو,Lenovo,لينوفو هو اسم الشركة,"شركة صينية المنشأ
المصدر: https://www.lenovo.com/bd/en/lenovo/our-company/",alternative,,,,
67,1/16/2024,موباكو,Mobaco,Mobaco,"Mobaco is an Egyptian owned and run family operated business with roots dating back to almost a century ago. The brand was first established in 1974, in a small factory in Sudan Street with the idea of bridging the supply and demand gap for Egyptian made, high quality clothing. With the continuing success of the business, the company has grown to over 900 employees and expanded its operations to Bashtil, El Warraq, continuing to aspire towards excellence in quality, design and technology.

https://mobaco.com/about/",alternative,,,,
68,1/16/2024,زارا,Zara,Inditex,"Zara published a new campaign for new clothes  
that offends Palestinian people

They removed the images from social media after being attacked by social media users
  ",unsure,,,,
69,1/16/2024,Hk Design,Hk Design,Hk Design,"This is modest egyptian brand for women clothes
https://hkdesigns-eg.com/pages/career-opportunities

https://www.instagram.com/hk.designs.egy/
",alternative,,,,
70,1/16/2024,حجاب بوتيك,hijab boutique,Hijab Boutique,"https://www.instagram.com/hijabboutique_eg
/
  An egyptian clothing modest brand  for Hijabi women

https://www.hijab-boutique.com/pages/about-us

",alternative,,,,
71,1/16/2024,باث اند بودي وركس,Bath and Body Works,"Bath & Body Works, Inc. (formerly known as L Brands, Inc., Limited Brands, Inc. and The Limited, Inc.) is an American specialty retail company based in Columbus, Ohio","American Company 
Don't know if it directly supports or just american company 

https://en.wikipedia.org/wiki/Bath_%26_Body_Works,_Inc.

https://www.instagram.com/bathandbodyworksarabia/
",boycott,,,,
72,1/16/2024,Green mocktails,Green mocktails,جرين كولا ايجيبت,يُرجى التأكد هل مقاطعة ام لا,unsure,,,,
73,1/17/2024,آد-مي,Add-me,Add-me,الشركة نشأت في مصر عام ٢٠١٩ م ومقرها القاهرة وليس لها فروع في أي مكان آخر ,unsure,,,,
74,1/17/2024,اوكسي ,Oxi ,آرما ,الشركة نشئتها في مصر ,unsure,,,,
75,1/17/2024,بيبسى,بيبسى,بيبسى,مقاطعة ,alternative,,,,
76,1/17/2024,نيوتيلا,Nutella, Ferrero ,"Italian company 
Nutella faced criticism for an online marketing campaign that filtered out words like “Jewish” and “Muslim.” 

Nutella hasn’t come up with any official press release or posted any opinion on social media handles. 

We'll explore Nutella's official statements, the controversies it faced, and its connections to Israel to figure out where it stands in this complex conflict.

https://viraltalky.com/does-nutella-support-israel-or-palestine/",unsure,,,,
77,1/17/2024,مانجو,Mango,Mango,"Mango, is a spanish company 
along with other renowned Spanish labels like Zara, Pull&Bear, and Tous, has chosen to close nearly all of its approximately 50 stores in Israel, managed through franchise partnerships.

I checked with this checker website
https://theislamicinformation.com/more/israeli-product-checker/
that showed it is supporter


However as mentioned above it seems like they closed their stores in Israel
This is mango israel website and you can't order online from the website and stores are not available 
https://shop.mango.com/il/women/dresses-and-jumpsuits/satin-camisole-dress_57089100.html

 
",unsure,,,,
78,1/17/2024,كاريبو, Caribou Coffee,	JAB Holding Company,"It is american company
https://en.wikipedia.org/wiki/Caribou_Coffee",unsure,,,,
79,1/19/2024,فارق فريتس,Farm frites,Farm frites,بالبحث والتحقق اتضح أن فارم فريتس من المنتجات التي لها رواجًا واسعًا في السوق المصري، لكنها تتعاون مع شركة أمريكانا، لذا تندرج تحت قائمة المقاطعة.,boycott,,,,
80,"1/24/2024, 1/30/2024",تييم,"Pepsi, Teem","بيبسي, Pepsi cola","تابع لشركة بيبسي  | مكتوب علي العبوه 
ومعروف علي النت",boycott,,,,
81,1/24/2024,بيتزا بوللز,pizza bulls,BOGA GIDA,بديل بيتزا بتركية تصنيع تركي محلي ٪100 ,alternative,,,,
82,1/25/2024,باتوس,patos,"Doğuş Çay ve Gıda Ürünleri Üretim, Pazarlama, İthalat ve İhracat A.Ş.,",منتج شيبس تركي ٪١٠٠ بديل للدوريتوس,alternative,,,,
83,1/27/2024,فيوز تي,fusetea,coca cola,https://www.coca-cola.com/tr/tr/brands/fusetea,boycott,,,,
84,1/27/2024,سباررو,sbarro,sbarro,https://www.cozum10.com/sbarro-boykot-mu/,boycott,,,,
85,"1/28/2024, 5/11/2024",سباركل,"Sparkle, SparkKe","ElTwaheed for Advanced Industries, TAI",Shampoo alternative  | نوع المنتج شامبوا للكبار و يوجد للصغار و منتجات عناية اكثر,"alternative, unsure",,,,
86,"1/28/2024, 3/2/2024",شاي احمد,"Ahmed tea , Ahmad tea ","Null, Ahmad tea","شاي بالنكهات  | على الرغم من انا مؤسس الشركة هو رجل اعمال ايراني الا أن شاي احمد يباع في السوق الإسرائيلي ويعد من أكبر شركات الشاي إذا لم يكن أكبرها
https://youtu.be/ZawkPQZAIZc?si=uF-8-l6SBdFgs-c0
في هذا الفيديو يظهر شاي احمد على صفحة لبيع المنتجات الغذائية في الكيان المحتل 
","unsure, boycott",,,,
87,1/29/2024,اتوم سبورتسوير,Atum sportswear ,Atum Egypt ,"شركة مصرية منتجة للملابس الرياضية و الأدوات الرياضية فتحت في ٢٠١٩
صاحب الشركة ايهاب عبد المنعم",alternative,,,,
88,1/29/2024,ايه ام دي,amd,AMD,تكنولوجيا,boycott,,,,
89,1/29/2024,كرستال,Crystal,الشركة اليمنية لصناعة السمن والصابون,هذا بديل لشركات الصابون الملابس التي تدعم الكيان الصهيوني القذر,alternative,,,,
90,1/29/2024,فاتيكا,Vatika,Dabur International Ltd.,شركة متخصصة في تصنيع الشامبو والبلسم للعناية بالشعر,unsure,,,,
91,"1/29/2024, 3/3/2024, 3/4/2024, 3/13/2024",آبل,"Apple, iPhone",Apple,"Apple MAP لا تعترف بخريطة فلسطين حيث أنها تعتبرها دولة إسرائيل إجمالا. | تتمتع شركة ""آبل"" بحضور كبير في إسرائيل، أنشأت الشركة مراكز بحث وتطوير في إسرائيل، وتوظف آلاف المهندسين الإسرائيليين وتساهم في الاقتصاد المحلي، ويشير هذا الاستثمار إلى أن شركة ""آبل"" ترى قيمة في التقدم التكنولوجي الذي تقدمه إسرائيل. | شركة أمريكية | Please check if we should boycott it or not.","boycott, unsure",,,,
92,1/29/2024,كواليتي هوستنج,Quality hosting,Quality," بديل عربي عن سيرفر امازون 
الرابط :
https://www.qualiteyserver.com/",alternative,,,,
93,1/29/2024,أيه إم دي,AMD,AMD,https://www.mayniaga.com/is-amd-supportive-of-israel-explained/,boycott,,,,
94,1/29/2024,سعيد,Said,Saida,منتج تونسي,alternative,,,,
95,1/29/2024,بوغا,Boga,La Société de fabrication des boissons de Tunisie,"هذه شلركة فرنسية صهيونية تصنع عدة منتجات غذائية و تبيعها تحت مسمى منتج محلي في السوق التونسية و اجزائرية و دول افريقية اخرى
",boycott,,,,
96,1/29/2024,شيبسي ليون,Lion,Americana,Americana,boycott,,,,
97,1/29/2024,السلطان كامل,El Sultan Kamel,السلطان كامل,https://www.facebook.com/sultankamel.coffee/about,alternative,,,,
98,1/29/2024,بليس,Bless,Bless,بليس شركة مصرية اتعملت في ٢٠١٧ وبتعمل منتجات للشعر زي شامبو، بلسم ،زيوت ، وحاجاتها نضيفة استعملتها بنفسي ,alternative,,,,
99,1/29/2024,دانون دانجو,Dango,شركة دانجو,زبادي دانجو,unsure,,,,
100,1/29/2024,مارابو,Marabou,Marabou,نوع شكلاتا صناعة شركة سويدية اوروبية | نوع شوكولاته اوروبي ،سويدي,unsure,,,,
102,1/29/2024,بيك رولز ,bake rolls,Chipita,"Greek food company
greek is ally for isral",boycott,,,,
104,1/29/2024,مايكروسوفت,Microsoft,Microsoft,https://twitter.com/satyanadella/status/1711979964709605518,boycott,,,,
105,1/29/2024,سيرما,ٍٍٍSırma,Sırma,"هذي الشركة اشهر شركة مياه صحية في تركيا داعمة لاسرائيل بشطل كبير و مقاطعة من اغلب الشعب التركي.
شكراً",boycott,,,,
106,"1/29/2024, 1/31/2024",ويندوز,Windows,Microsoft,https://twitter.com/satyanadella/status/1711979964709605518 | نظام تشغيل مدفوع من صنع شركة أمريكية.,boycott,,,,
107,"1/29/2024, 1/31/2024",أوفيس,Office,Microsoft,https://twitter.com/satyanadella/status/1711979964709605518 | برنامج أو خدمة مدفوعة من صنع شركة أمريكية.,boycott,,,,
108,1/29/2024,ڤولت,Volt,AJE,مشروب طاقة,alternative,,,,
109,"1/29/2024, 3/15/2024",أبل,Apple,Apple,https://shbabbek.com/show/228407 | American company,boycott,,,,
110,1/29/2024,ماك,Mac,Apple,https://shbabbek.com/show/228407,boycott,,,,
111,"1/29/2024, 1/30/2024, 45391.82873",ايفون,"iPhone, Iphone , IPhone ","Apple, Apple ","https://shbabbek.com/show/228407 | Apple  | عند سوأل سيري الوقت في فلسطين لن يجب.
اما عن سوأل سيري الوقت في إسرائيل سيجيب","boycott, unsure",,,,
112,1/29/2024,ايباد,iPad,Apple,https://shbabbek.com/show/228407,boycott,,,,
113,1/29/2024,اي او اس,iOS,Apple,https://shbabbek.com/show/228407,boycott,,,,
115,1/29/2024,سيرفس,Surface,Microsoft,https://twitter.com/satyanadella/status/1711979964709605518,boycott,,,,
116,1/29/2024,ساعة ابل,Apple Watch,Apple,https://shbabbek.com/show/228407,boycott,,,,
117,1/29/2024,ابل ووتش,Apple Watch,Apple,https://shbabbek.com/show/228407,boycott,,,,
118,1/29/2024,سماعات ابل,Airpods,Apple,https://shbabbek.com/show/228407,boycott,,,,
119,1/29/2024,ايباد او اس,iPadOS,Apple,https://shbabbek.com/show/228407,boycott,,,,
120,1/29/2024,ماك بوك - ماكبوك,MacBook,Apple,https://shbabbek.com/show/228407,boycott,,,,
121,1/29/2024,ماك او اس,MacOS,Apple,https://shbabbek.com/show/228407,boycott,,,,
122,1/29/2024,نظارة ابل للواقع المعزز - ابل فيجن,Apple Vesion,Apple,https://shbabbek.com/show/228407,boycott,,,,
123,1/29/2024,عبد المعبود ,abd el maboud,بن اليمني   ,نوع قهوه زي ابو عوف وكده,unsure,,,,
124,1/29/2024,صصص,صصصص,صصصص,صصصصص,boycott,,,,
125,1/29/2024,سس,سسس,سسس,سسسسسسس,unsure,,,,
129,1/29/2024,إنتيل,Intel,Intel,"https://www.alaraby.co.uk/economy/شركات-ضخمة-تدعم-إسرائيل-مالياً-تعرّف-إلى-أشهرها
يفضل استخدام vpn علشان الموقع مش شغال في مصر تقريبا او دا عندي بس",boycott,,,,
130,1/29/2024,اي ام دي,AMD,AMD,هي شركه بديلة لانتيل في المعالجات وبديله لنفيديا في كروت الشاشة,alternative,,,,
131,1/29/2024,الدرة,Durra,شركة الدرة العالمية للصناعات الغذائية,"موقع الشركة : 
https://aldurra.com/#about

وهذا منشور دعمهم لفلسطين :
https://www.facebook.com/DurraEgypt/posts/pfbid02ZMCTvHUr5phtycDUJwvKhYH6Coj9Va6iqEHHQMxi43n4MuQwaGVPXkr9dCZr2HbDl
",alternative,,,,
132,1/29/2024,شوكيلا,Chokella,Marbella,شوكولا ,unsure,,,,
133,"1/29/2024, 4/4/2024",test,test,test,testt | testtesttest,boycott,,,,
134,1/29/2024,بييرتيوب,Peertube,Peertube,بديل قوي لليوتيوب,alternative,,,,
135,1/29/2024,عربي,english,testcompany,i dont know,boycott,,,,
136,1/29/2024,نيوبايب,Newpip,Newpip,شاهد مقاطع اليوتيوب بدون اعلانات او تتبع من جوجل وكدا مش هنخليهم يستفادوا,alternative,,,,
137,1/29/2024,ليبرتيوب,Libretube,Libretube,شاهد مقاطع اليوتيوب بدون اعلانات او تتبع من جوجل وكدا مش هنخليهم يستفادوا,alternative,,,,
138,1/29/2024,يوتيوب ريفانزيد,Youtube revanced,Revanced,استعمال microG بدل جوجل ودا بيقلل الاستفاده ليهم وهو يوتيوب بدون اعلانات وبمميزات اكثر,boycott,,,,
139,1/29/2024,شركة 1,company 1,company 2,idk really why but yea,boycott,,,,
141,1/29/2024,تاكسيدو,Tuxedo,Taxedo,شركة كمبيوترات بديله لديل واتش بي,alternative,,,,
142,1/29/2024,سليمبوك,Slimbook,Slimbook,شركة كمبيوترات بديلة لديل واتش بي,boycott,,,,
143,"1/29/2024, 1/31/2024",لينكس,Linux,"Linux fundation, غير محددة",نظام تشغيل مفتوح المصدر بديل للويندوز وللماك | نظام تشغيل حُر ومجاني غير محتكر من قبل أي جهة.,alternative,,,,
144,"1/29/2024, 3/5/2024, 45433.49242, 45439.5416, 45441.67979",تويست,Twist,"Management gate, لا اعلم , ~~~؟~~~, Twist",مشروب طاقه بديل ل ريدبول  | هل هذا داعم ام بديل  | Energy drink - مشروب طاقة  |           | مشروب طاقه,"alternative, unsure, boycott",,,,
145,"1/29/2024, 5/16/2024",أوه,"O Eau, Eau",شركة النور للصناعة,مياه معدنية | زجاجة ماء,alternative,,,,
146,1/29/2024,فولت,Volt,Aje group,مشروب طاقه بديل ل ريدبول / مونستر,alternative,,,,
147,1/30/2024,ابو الولد,Abo Al Walad,شركة فرنسية,شركة فرنسية وبالتالي تكون مقاطعة,unsure,,,,
148,1/30/2024,يورياج,Uriage,Puig,". It is a spanish company
Uriage has skin care products
https://en.wikipedia.org/wiki/Puig_(company)

However they don't have stores in israel
https://www.uriage.com/AA/en/points-of-sale?coordinates=48.8766796%2C2.3189725&query=Europe%2C+Paris%2C+France",unsure,,,,
149,1/30/2024,QWE,QWE,QWEQWE,QWEQWE,boycott,,,,
150,1/30/2024,العربية هنااااا,ENGLISH HEREEE,QWEQWE,I DONT REALLY KNOW,boycott,,,,
151,1/30/2024,شوكلاته توديه,today chocolate ,today ,a jordanian company ,alternative,,,,
152,1/30/2024,فياجرا,viagra,Pfizer,"دواء مثبط للإنزيم ""PDE""، الهدف منه علاج المشاكل الجنسية الوظيفية مثل الضعف الجنسي وضعف الانتصاب، فعند حدوث إثارة جنسية يساعد هذا الدواء على تدفق الدم إلي القضيب فيحفز على الإنتصاب و استمراره.",unsure,,,,
153,1/30/2024,دومتي,Domty,"شركة الصناعات الغذائية العربية (دومتي), Domty","دومتي شركة مصرية الأصل تشتهر بمنتجاتها العديد في مصر وأشهرها ""جبنة فيتا"" | شركة دومتي هل هي داعمة ام لا","alternative, unsure",,,,
154,1/30/2024,كانديا,condia,candia,حليب يباع في الجزائر,unsure,,,,
156,1/30/2024,بيسكو مصر,Bisco misr,معرفش ,معرفش,boycott,,,,
157,"1/30/2024, 4/2/2024",لافازا,"Lavazza, Lavazza ","Lavazza, Lavazza ",قهوة كبسولات | قهوة إيطالي ,unsure,,,,
158,1/30/2024,ابل,ابل,ابل,قام تيم كوك الرئيس التنفذي لشركة ابل بالتبرع لاهل القتلى من الجنود الاسرائيليون ,boycott,,,,
159,"1/30/2024, 45442.88209",هوهوز,HOHOs,"ايديتا, إيديتا, أيدينا نفس شركة مولتو",هوهوز منتج من ايديتا المصرية مثل مولتو وبيك رولز.. كيف يكون احد منتجات الشركة داعم والمنتج الاخر بديل | نظرا لشراكتها مع شركة هوستس الأمريكية | راجعوا يا جدعان عاملين شغل كويس كملوا المعلومات صح بقى مش معقول,boycott,,,,
160,1/30/2024,شاي أحمد تي ,Ahmad Tea,أحمد تي ,يعتبر شاي أحمد تي من أبرز أنواع الشاي المتواجد فى السوق المصري، ولكنه تابع لشركة أوروبية، لذلك فينضم لقائمة المقاطعة، ويعتبر ضمن المنتجات الداعمة للكيان الصهيوني.,boycott,,,,
161,1/30/2024,بسكو مصر ,Bisco Misr ,Kellogg's,أعلنت شركة كلوجز الأمريكية المدرجة في بورصة نيويورك حصولها على 85.93% أي ما يعادل 9.8 مليون سهم من أسهم شركة بسكو مصر.,boycott,,,,
162,1/30/2024,جبن دومتي,Domty,شركة الصناعات الغذائية العربية,برجاء التأكد هل تتبع المقاطعة ام لا,unsure,,,,
163,1/30/2024,قولون,gullon,gullon,هل هو مقاطعة ,unsure,,,,
165,1/30/2024,بوكي (بوكي تيوب),Poke (PokeTube),"https://ashley0143.xyz (Ashley), Ashley",فرنت اند (واجهة) لموقع اليوتيوب مفتوح المصدر ولا يحتوي على أي تعقب ولا اعلانات وبه روابط تبرع لفلسطين 🇵🇸  | واجهة لموقع اليوتيوب خالية من الإعلانات والتعقب وبها روابط دعم لفلسطين 🇵🇸,"boycott, alternative",,,,
167,1/30/2024,البركة,Elbraka,Elbraka,فراخ مقلية و ستربس بالاسكندرية,alternative,,,,
168,1/30/2024,بيبسي ,pepsi,شركه pepsi ,لانها في قائمت المقاطعه وتبع الصهاينة ,boycott,,,,
169,"1/30/2024, 1/31/2024",مرسول,"marssol, marsol","marssol, marsol",بديل موقع طلبات لتوصيل الطعام | برنامج خدمت توصيل,"alternative, unsure",,,,
170,1/30/2024,سيكند كب,Second Cup,Foodtastic Inc,مقهي و كعك,unsure,,,,
171,1/30/2024,ريتش بيك,Rich Bake,ريتش بيك,"شركة المخابز الحديثة ""ريتش بيك"" هي شركة مساهمة مصرية تأسست في عام ١٩٩٧ كأول شركة مخابز أصلية في مصر تقدم منتجات المخبوزات المعبأة للأسواق المصرية. تأسست ريتش بيك على يد أصحابها أ/ خالد الصقر – م/ مدحت الهلالي – م/ عمرو الهلالي
وكانت تقدم مساعدات للفلسطينيين",alternative,,,,
172,1/30/2024,بيودرما,bioderma,bioderma,شركة فرنسية,unsure,,,,
173,"1/30/2024, 2/29/2024, 3/17/2024",ماكسي,"maxi, MAXI, Maxi ","وابكو, منتجات مياه مصر, شركه المشروعبات الغازيه",مشروب غازي  | مياه غازيه | بديل ,"unsure, alternative",,,,
174,1/30/2024,ايه ام دي راديون,AMD radeon,AMD,شركة  AMD تنتج بعض أجزاء أجهزة الكومبيوتر منها المعالج و كارت الشاشة و ال mother board,unsure,,,,
176,1/30/2024,اكتف احذية رياضية,Activ,لا اعلم,احذية وملابس رياضية,unsure,,,,
177,1/30/2024,العالمية الحرة لتكنولوجيا المعلومات,Alalmiyalhura for information technology,العالمية الحرة لتكنولوجيا المعلومات,شركة مساهمة مصرية داعمة للقضية الفلسطينية متميزة في مجال ال (Software Solution - Marketing - Web and Mobile apps) ,alternative,,,,
178,1/30/2024,رويبة ,rouiba,NCA Rouiba,تمكنت NCA Rouiba من التمييز بين نفسها بفضل المنتجات عالية الجودة وبأسعار معقولة. ,alternative,,,,
180,1/30/2024,حمود بوعلام ,Hammoud boalam,حمودبوعلام ,مشروب غازي جزائري الاصل منذ 1879 من قبل الاحتلال الملعون. طعمو تحفة وفيه اذواق كثيرة من فواكه و كولا او بدون سكر.,alternative,,,,
181,1/30/2024,تويست ,twist,تويست ,برجاء التأكد من المنتج,unsure,,,,
182,1/30/2024,تودو,TODO,إيديتا,نظرا لشراكتها مع شركة هوستس الأمريكية,boycott,,,,
183,"1/30/2024, 2/29/2024, 3/12/2024",مولتو,"Molto, Molto ","إيديتا, إديتا , ايديتا","نظرا لشراكتها مع شركة هوستس الأمريكية | التقرير الرسمي المالي لشركة ايديتا ٢٠٢٢ بيأكد ان النسبة الاكبر من اسهم شركة ايديتا بترجع لشركة كوانتم الهولندية بنسبة %٤٢% من اجمالي اسهم الشركة، مع العلم ان شركة كوانتم ليها فروع رئيسية في لندن ونيويورك

وخليني ازيدك من الشعر بيت ان التقرير موضح ان حوالي ۱۲٪ من اسهم شركة ايديتا من نصيب بنك امريكي و %٥.٥% من أسهم الشركة من نصيب شركة استثمارات في لندن

بالتالي الشركات دي بتدفع ضرايب لامريكا والضرايب دي بتتحول لدعم بصور مختلفة للي ما يتسموا زي ما كلنا شفنا | غير متأكد لكن المقاطعه معها منتجات ايديتا مثل توينكز وغيره فهل صحيح ",boycott,,,,
184,1/30/2024,توينكيز,Twinkies,إيديتا,نظرا لشراكتها مع شركة هوستس الأمريكية,boycott,,,,
186,"1/30/2024, 4/4/2024",سيليكتو,"selecto, Selecto","HAMOUD BOULAME, حمود بوعلام Hamoud Boualem",مشروب غازي | مشروبات غازية,alternative,,,,
187,1/30/2024,فودافون,vodafone,Vodafone,شركة فودافون وخدماتها ,unsure,,,,
189,1/30/2024,أدوب,Adobe ,Adobe ,لم أتأكد من دعم الشركة يرجى التأمد,unsure,,,,
190,1/30/2024,تسالي,tasali,PepsiCo,احد منتجات شركة PepsiCo يباع بدول الخليج,boycott,,,,
191,"1/30/2024, 3/9/2024",كينزا,"kinza, Kinza","الجميل العالمية, Al Jameel International Co. - Beverages Factory (Kinza)",مشروب غازي سعودي بديل لمنتجات بيبسي وكوكاكولا | لا يوجد ادلة للدعم، واذا وجد اتمنى ان تتوفر هنا لانه من اكثر البدائل المستخدمة المميزة والممتازة,"alternative, boycott",,,,
193,1/30/2024,Hammett York,,Hammett York,Hammett York,boycott,,,,
194,1/30/2024,تيم هورتونز,Tim Hortons, Restaurant Brands International Inc  (RBI),"قرأت بضعت مقالات تثبت ذلك, حيث ان تيم هورتونز قدمت لجيش الدفاع الإسرائيلي القهوة والطعام كمساعدة لهم وبإقرار من حساب إسرائيل في كندا نفسه 
هنا المقال الذي وضح كل شي مع الأدلة ولكنه بالانجليزي بالطبع :
https://www.mayniaga.com/is-tim-hortons-supportive-of-israel-explained/",boycott,,,,
195,1/30/2024,فريسكا,Fresca ,ايديتا,ايديتا بها اسهم اجنبية,boycott,,,,
196,1/30/2024,احمد تي,ahmed tea,ahmed tea,منت من دولة داعمة,boycott,,,,
197,1/30/2024,بن كيفك,Kefek,لا اعرف,"بن من إنتاج شركه مصريه
المنتج جديد لكنه بجوده كويسه جدا",alternative,,,,
198,1/30/2024,سيناي ,cynay.com,cynay.com,محرك بحث مصري داعم للقضية الفلسطينية | محرك بحث مصري داعم للقضية الفلسطينية و بديل ل google.com,alternative,,,,
200,1/30/2024,شبسيكو,Chibseco,مصرية,شيبسي,alternative,,,,
201,1/31/2024,بربيكان,Barbican,شركة العوجان كوكا كولا للمشروبات,كوكا كولا تستحوذ على 50% من شركة العوجان مقابل 980 مليون دولار منذ 2011,boycott,,,,
202,1/31/2024,تولا,tola,ِِِِAlba pharma,منتج عناية بالشعر,alternative,,,,
203,1/31/2024,مياة اوه,Eau,معرفش,معرفش,unsure,,,,
204,1/31/2024,لينو,lino,lino oats,شوفان وسناكس,alternative,,,,
205,1/31/2024,أي أم دي,AMD,AMD,"شركه تصنع معالجات الكمبيوتر وكروت الشاشه
",unsure,,,,
207,1/31/2024,برايد,Pride,Pride,ماعرف ,unsure,,,,
208,1/31/2024,شركة انفينيتي,INFINTY,infinity clinic pharma,IT PROVIDES VARIETY OF HAIR AND SKIN CARE PRODUCTS ,alternative,,,,
209,1/31/2024,رو افريكان,RAW AFRICAN,RAW AFRICAN,"IT MAKES SKIN AND HAIR CARE PRODUCTS LIKE SHAMPOOS, CONDITIONER, LEAVE IN, BODY BUTTERS, LOTIONS AND MORE",alternative,,,,
210,1/31/2024,بوبانا,bobana,bobana,hair care and skin care,boycott,,,,
212,"1/31/2024, 45387.30997",ادوبي ,"Adobe, Adobe ","Adobe Inc, Adobe ","https://www.crikey.com.au/2023/11/01/israel-gaza-adobe-artificial-intelligence-images-fake-news/
second : | https://m.calcalistech.com/Article.aspx?guid=3903090",boycott,DONE,داعم غير مباشر,Glassbox Join Adobe Exchange Partner Program - Glassbox,تكنولوجيا
213,1/31/2024,مرسيديس,Mercedes,Mercedes Benz ,شركه المانيه لدعم الكيان,boycott,,,,
214,1/31/2024,ماسيمو دوتي,Massimo Dutti,Inditex,مالك الشركة هو نفسه مالك شركة زارا وباقي الشرطات الداعمة,boycott,,,,
215,1/31/2024,تاكي,Taki,تاكي,الموقع الرسمي كطتوب,boycott,,,,
216,1/31/2024,فوربد,Forbed,Forbed,الموقع الرسمي,boycott,,,,
217,"1/31/2024, 45440.46715, 45440.73341",بيك رولز,Bake rolz,"Edita , Edita, اديتا",تعاون مع شركات أمريكية  | معظم الأسهم أجنبية | لأنها تدعم اسرائيل,boycott,,,,
218,1/31/2024,حليب لبنيتا,labanita milk,labanita,منتج مصري محلي الصنع,alternative,,,,
219,1/31/2024,شيكا,Chicka ,Americana,.......,unsure,,,,
220,1/31/2024,أندومي,,أندومي,نوديلز ,unsure,,,,
221,1/31/2024,كوك دور,cook door ,الشركة الدولية للصناعات الغذائية ,"مطعم مصري تأسس سنة 1988 على يد عمرو السعيد (مدير مجلس الإدارة ؟) و أعلنت في صفحاتها على التواصل الاجتماعي عن التضامن مع أهلنا بفلسطين و بتقديم علم فلسطين و توفير صن توب كبديل (صن توب المدرج ضمن المقاطعة مع انه هناك اختلاف في ذلك)
",alternative,,,,
222,1/31/2024,بيتزا تايم,pizza time ,لم أتمكن من الوصول ,"من المطاعم المصرية التي أعلنت دعمها لألنا بفلسطين
صفحات التواصل الاجتماعي :
https://m.facebook.com/pizzatimeegypt
https://www.instagram.com/pizza_time_eg/",alternative,,,,
223,1/31/2024,شركة سانيتا,sanita,مجموعة إندفكو INDEVCO," تنتج الشركة منتجات النظافة الشخصية والمناديل المنزلية ، والمنتجات البلاستيكية (رئيس مجلس إدارتها هو كريم أفرام )
يقع المقر الرئيسي للشركة بمصر في مدينة السادات ، المنوفية 
الشركة مملوكة لمجموعة إندفكو التي مقرها بلبنان و رئيسها التنفيذي هو نعمة أفرام
https://twitter.com/neematfrem",unsure,,,,
224,1/31/2024,إيفا,Eva ,Eva cosmetics ,تعتبر شركة إيفا من الشركات المصرية التي تأتي في المقام الأول كبديل للعديد من المنتجات المختلفة التي تدخل ضمن المقاطعة,alternative,,,,
225,"1/31/2024, 2/29/2024",كيلوجز نودلز ,Kellogg's noodles ,"Kellogg , Kellogg",شركة أمريكية  https://en.m.wikipedia.org/wiki/Kellogg%27s | شركة أمريكية ,boycott,,,,
226,"1/31/2024, 3/30/2024",حمود بوعلام,"selecto, Hamoud Boualem ","hamoud boualem, حمود بوعلام ","بديل كوكا كولا غير متاكد
 | شركة جزائرية ","unsure, boycott",,,,
230,1/31/2024,ليبر أوفيس,LibreOffice,The Document Foundation,تطبيق حُر وغير مدفوع لا يُدار مِن قِبل شركة احتكارية وإنما منظمة غير ربحية.,alternative,,,,
231,1/31/2024,نيتفليكس,Netflix,Netflix,Netflix تدعم اليهود و الشواذ,boycott,,,,
232,1/31/2024,بيكتيڤ,Pectiv,Lenizer ,شركة إماراتية وعربية,alternative,,,,
233,1/31/2024,بي بم,Bebem, شركة حياة,"تعتبر بي بم أحد منتجات شركة حياة وهي منتج محلي متواجد في السوق منذ أكثر من 20 عام، ومنتشر في أكثر من 20 دولة ويعتبر منتج لطيف على البشرة، وينال رضا كثير من المستهلكين.

",alternative,,,,
234,2/1/2024,واتس فيس انستا ماسنجر شركه  ميتا ع,WhatsApp face insta ,شركه ميتا,"لان فيس يحظر و يحكم كل ما ننشر وحظر ممكن بديل تلجرام telegram روسي مقره دبى  او  سجنال signal امركيى على ما اعتقد لكن على الاقل ليس بيدعم بشكل رسمى او لا نعرف بعد دعمه او من عدمه  او  Bip app  وهذا تطيبق تركى لكن تاكد من صحتهم هل يدعمون او لا 
",boycott,,,,
236,2/1/2024,حلاوة زيادة,Zeyada Halawa,Zeyada Food,"حلاوة مصرية 100% ادعم منتج بلدك جربها هتعجبك إن شاء الله , اللهم انصر الإسلام و أعز المسلمين, اللهم انصر إخواننا المستضعفين في غزة و امنحهم التوفيق و التمكين و العزة.",alternative,,,,
237,2/1/2024,سوبيكو,supeco,كارفور,سلسلة محلات تجارية تابعة لكارفور,boycott,,,,
238,2/1/2024,صودا ستريم,SodaStream,SodaStream International Ltd ,"sodastream.com
SodaStream International Ltd. is an Israel-based manufacturing company best known as the maker of the consumer home carbonation product of the same name. The company's soda machines, in the style of",boycott,,,,
239,2/1/2024,ريـ /ماكس,RE/MAX,"RE/MAX, short for Real Estate Maximums, is an American international real estate company","RE/MAX Israel, a franchise of RE/MAX International, sells homes in Jewish-only settlements on illegally confiscated Palestinian land. Settlements have displaced thousands of Palestinian families and are in direct violation of international law. We call on RE/MAX International to establish and disseminate clear policies and guidelines for all Re/Max brokers and agents stating that they should not sell, rent, or publicize properties that are built on settlements in East Jerusalem and the West Bank. Further, members of the Re/Max network should not refer clients to brokers and agents who are involved with such illegal properties. ",boycott,,,,
240,"2/1/2024, 3/12/2024",إندومي ,"Indome, Indome ","Indofood, Indofood ","منتج من نوع نودلز 
وشركة اندوفود شركة إندونيسية
https://en.m.wikipedia.org/wiki/Indofood | شركة إندونيسية ",alternative,,,,
241,2/1/2024,تيفا,teva,teva pharmaceuticals  ,شركة يهودية عالميه لصناعة الأدوية,boycott,,,,
242,2/1/2024,مينز كللب,Men's Club,Men's Club,منتج مصري لصناعه الملابس بجوده عاليه ,alternative,,,,
243,,سنابس,Snaps,Gree,,,,,,
244,2/28/2024,رابيت,rabbit,rabbit,شبة breadfast,alternative,,,,
245,"2/28/2024, 5/5/2024",ديدي,"didi, Didi","https://www.wikidata.org/wiki/Special:EntityPage/Q113152979, Xiaoju Kuaizhi Inc","خدمات رقمية - مواصلات - شركة توفر خدمات التوصيل مثل اوبر | الشركة صينينة باستثناء حصة لاوبر بنسبة 12% اعتقد ممكن نعتبرها بديل
https://en.wikipedia.org/wiki/DiDi",unsure,,,,
246,2/28/2024,حليب بخيره ,Bekhero milk ,جهينة,شركة جهينة مصرية 100%,boycott,,,,
247,2/28/2024,م,م,مم,ممممااااااااااااااااااااااااااااااااااااا,boycott,,,,
248,2/28/2024,شاي احمد ,ahmed tea,ahmed tea,"يعبأ في الامارات وله علاقه ببريطانيا
",boycott,,,,
249,2/28/2024,خير زمان  ,,مجموعه منصور,"



https://ar.wikipedia.org/wiki/%D9%85%D8%AC%D9%85%D9%88%D8%B9%D8%A9_%D9%85%D9%86%D8%B5%D9%88%D8%B1",boycott,,,,
250,2/28/2024,مترو  ,metro,مجموعه منصور,https://ar.wikipedia.org/wiki/%D9%85%D8%AC%D9%85%D9%88%D8%B9%D8%A9_%D9%85%D9%86%D8%B5%D9%88%D8%B1,boycott,,,,
251,2/28/2024,مياه حياه ,,مجموعه منصور,https://ar.wikipedia.org/wiki/%D9%85%D8%AC%D9%85%D9%88%D8%B9%D8%A9_%D9%85%D9%86%D8%B5%D9%88%D8%B1,boycott,,,,
252,2/28/2024,صن شاين ,,مجموعه منصور,https://ar.wikipedia.org/wiki/%D9%85%D8%AC%D9%85%D9%88%D8%B9%D8%A9_%D9%85%D9%86%D8%B5%D9%88%D8%B1,boycott,,,,
253,2/28/2024, جميع منتجات ايديتا /ارجو البحث عن المؤسسه المكتوبه في الاثبات ,All Edita products,edita,"سؤال : هل edita مصرية ؟
الاجابة : اه الشركة مصرية 100% و ش.م.م وكل حاجه بس 
  تعالى نبص على حملة الأسهم (الشركاء او المستثمرين) في الشركة هما مين والكلام الآتي ذكره ده بناءا على تقرير تدقيق مالي لمؤسسة ""Grant Thornton"" وهي مؤسسة عملاقة تقدر تبحث عنها فجوجل والتقرير 
فديسمبر 2022 يعني مش قديم
 Company are Quantum Investment BV 
holding
 42.67%
شركة اسثمارات مقرها في هولندا ودي ليها الحصة الأكبر وممثيلنها هما عائلة برزي مؤسسي edita 
 the Bank of New York Mellon (acting as depositary bank for shares traded in London Stock 
Exchange) managing 
11.7%
BNY بنك أمريكاني  
Kingsway Fund Frontier Consumer Franchises 
holding 
9.11%
شركة اسثمارات في لندن 
RIMCO E GT Investment LLC holding 
5.35%
شركة مصرية
وباقي الأسهم متوزعة بين اكتر من حد 
يعني ببساطة الشركة مصرية ده أكيد ، بس امريكا وبريطانياو هولندا واكلين منها معظمها
منتجات edita:
هوهوز
 توينكز
 تودو 
ميمكس 
مولتو
 بيك رولز 
 بيك ستيكس
 فريسكا 
  تايجر تيل
 فورني
 اونيرو لافا/بالأضافه ان هوهوز وتوينكز وكيكه تايجر تيل اتصنعوا بشراكه مع هوستس الامريكيه 
",boycott,,,,
254,2/28/2024,سبينس,spinneys,spinneys,"مالك الشركه صندوق انفستيك الاماراتي وتقدلروا تبحثوا وتتأكدوا
",boycott,,,,
255,2/28/2024,شان,Shaan,parkville,https://eparkville.com/collections/shaan,alternative,,,,
256,2/28/2024,فاين ,fine ,fine ,"انا على حد معرفتي انها اردنيه والاردن ساعدت اسرائيل بالطماطم بس عايزكوا تبحثوا اكتر 
",unsure,,,,
261,2/29/2024,دولسي ,Dolce ,Nestle ,مكتوب على العبوة دليل نستلة الغذائي,boycott,,,,
263,2/29/2024,فريسكا ,Freska ,إديتا ,"التقرير الرسمي المالي لشركة ايديتا ٢٠٢٢ بيأكد ان النسبة الاكبر من اسهم شركة ايديتا بترجع لشركة كوانتم الهولندية بنسبة %٤٢% من اجمالي اسهم الشركة، مع العلم ان شركة كوانتم ليها فروع رئيسية في لندن ونيويورك

وخليني ازيدك من الشعر بيت ان التقرير موضح ان حوالي ۱۲٪ من اسهم شركة ايديتا من نصيب بنك امريكي و %٥.٥% من أسهم الشركة من نصيب شركة استثمارات في لندن

بالتالي الشركات دي بتدفع ضرايب لامريكا والضرايب دي بتتحول لدعم بصور مختلفة للي ما يتسموا زي ما كلنا شفنا",boycott,,,,
264,3/1/2024,أبوورك,Upwork,Upwork,I wamt to make sure that Upwork.com doesn't support Israel at any cost,unsure,,,,
265,3/1/2024,فريلانسر,Freelancer,Freelancer.com,Freelancer.com gives opportunities to the creative people,unsure,,,,
266,3/1/2024,كيفك ,Kefk,الشركة المصرية للصناعات الغذائية كيفك ,كيفك قهوه وشاي وبن ونيسكافيه ,alternative,,,,
267,"3/1/2024, 3/25/2024",كوكي,"Koki, koki","Amricana group, koki",امريكانا جروب تدعم الاحتلال | https://besraha.com/106283,boycott,,,,
268,3/2/2024,فيمتو,Vimto,Vimto,مشروب عصير التوت ,unsure,,,,
269,3/2/2024,نسكافيه ,Nescafe ,Nestle,H,alternative,,,,
271,3/2/2024,جي بي تي,GPT,OpenAI,"شركة OpenAI بتدعم Microsoft لأن Bing مبني علي نموذج GPT، وطبعاً Microsoft بتدعم الصهاينة، وبالتالي كل الmodels اللي مبنية علي GPT تبع  المقاطعة (زي Magic School وNotion AI وDALL-E)

https://en.globes.co.il/en/article-microsoft-grants-israeli-employees-special-war-allowance-1001462178

https://cnbc.com/2023/01/10/microsoft-to-invest-10-billion-in-chatgpt-creator-openai-report-says.html",boycott,,,,
272,3/3/2024,كلينيكس,Kleenex ,كمبرلي كلارك,داعم للاحتلال,boycott,,,,
273,3/3/2024,اندومي indomi,Indomie,Indofood,الشركة الأم في اندونيسيا,alternative,,,,
274,"3/3/2024, 3/15/2024",سامسونج,Samsung,Samsung,تعد شركة سامسونج من أشهر شركات الجوال المنتشرة في جميع الدول العربية والأجنبية. كما تتم صناعة هواتف سامسونج في دولة كوريا الجنوبية، وهي من شركات الجوال الداعمة لإسرائيل، وذلك لأنها تابعة لشركة استثمارية إسرائيلية. | I assume they support Israel,boycott,,,,
275,3/3/2024,نوكيا,Nokia,Nokia,صرح المدير العام للشركة مسبقاً عبر صحيفة جيروزاليم بوست الصهيونية، عن تركيز نوكيا على دعم إسرَائيل من كافة الجهات، عبر إنشاء مشروع داخلي يدعى (مشروع اسرَائيل) لتطوير شبكات الاتصال فيها منذ عام 2020، إلى جانب ذلك خصصت نوكيا صندوق دعم لاسرَائيل منذ عام 2000 حيث وصلت قيمة التبرعات حينها إلى 500 مليون دولار,boycott,,,,
277,3/3/2024,كيندر,kinder,؟؟,"شوكولاتت كيندر
شكرا علي دعمكم
",unsure,,,,
279,3/3/2024,كانون,Cannon,Cannon,طابعة - كاميرا ,unsure,,,,
280,3/3/2024,سيجنال,signal ,signal,",,,,,,",boycott,,,,
281,3/3/2024,قهوة بلاك ,BLK coffee,-,"  Local brand 
منتج محلي بديل للمقاطعة ",alternative,,,,
282,3/3/2024,بوك,Puck,شركة آرلا,ارجو ادراج هاد النوع لتأكيد اذا كان داعم او لا,unsure,,,,
284,"3/4/2024, 3/31/2024",سامسونغ,Samsung,Samsung,شركة كورية | شركة مواد كهربائية وتكنولوجيا,unsure,,,,
285,3/4/2024,بطاريات أنرجايزر,Anr,Anr,شركة أجنبية,unsure,,,,
286,3/4/2024,بانادول,panadol,GSK,المنتج رأيت الشركة مقالا لها كأنها تدعم،,unsure,,,,
287,3/4/2024,فيس بوك,Facebook,مارك زوكربيرغ,https://www.aljazeera.net/news/2018/3/26/%D9%81%D9%8A%D8%B3%D8%A8%D9%88%D9%83-%D9%81%D9%8A-%D8%AE%D8%AF%D9%85%D8%A9-%D8%A5%D8%B3%D8%B1%D8%A7%D8%A6%D9%8A%D9%84,boycott,,,,
288,3/4/2024,تكسي اف,Taxi if,Taxi if,ارجو اضافة هذه الشركة ,unsure,,,,
289,3/4/2024,داري,Dari,داري كوسباط,علاقة تجارية بين “داري” المغربية و”تومر” الصهيونية,boycott,,,,
290,3/4/2024,مناديل زينه,Zeina ,Zeina group,مناديل,unsure,,,,
291,"3/4/2024, 3/30/2024, 5/15/2024",كيلوجز نودلز,"Keloggs , kelloggs, Kelloggs","Kellogg , كيلوجز, Kelloggs",الشركة الأم الولايات الأمريكية  | لا أعرف بالضبط ماحال هذه الشركه ولكن من خلال بحث بسيط تبين لي أنَّه على الأغلب أنَّ هذِه الشركه مقاطعه | لست متأكد ولكنها اصلها شركة امريكية,"boycott, unsure",,,,
292,3/4/2024,تيمو ,Temu,Temu,أرجو اضافة هذا التطبيق للقائمة,unsure,,,,
294,3/5/2024,غوغل,Google,Google,"قامت بإزالة فلسطين من تطبيق الخرائط الخاص بها
وهي بصدد تنفيذ مشروع نيمبيوس الذي يساهم في توسع المستوطنات وجمع المعلومات عن الفلسطينيين بشكل أوفر داخل نطاق الكيان بشكل خاص ومحصور.",boycott,,,,
295,"3/5/2024, 3/29/2024",اوه,o,EAU,مياه شرب |  مياه معدنيه,alternative,,,,
296,3/6/2024,سبيرو سباتس,Spiro spats,Spats,لا يدعم الكيان الصهيوني,alternative,,,,
297,3/6/2024,لؤي ,تيته من خلال أدم من خلال ما سبق من مصادرها الخاصة بك في مركز ,أروي من قبل قوات الجيش والشرطة في مصر اليوم مصر النهارده اخبار الرياضه اليوم ,انتهتخت,unsure,,,,
298,3/6/2024,المهم غاعهننخعتههغعها,,لوواةؤةنعاة,اانانعات,boycott,,,,
299,3/6/2024,نيڤيا,Nivea,Nivea,ولا تعتبر ماركة نيفيا داعمة للقضية الفلسطينية. بل هي إحدى الشركات التي تدعم إسرائيل وحربها على غزة,boycott,,,,
300,3/6/2024,نيو ان بي,New NB,My Perfumes UAE,لا اعرف اي تفاصيل للاسف,unsure,,,,
301,3/7/2024,Listerine mouth wash,ليسترين ,جونسون اند جونسون,تابع لشركة جونسون اند جونسون ,boycott,,,,
302,3/7/2024,InstaShop,InstaShop,لا أعلم,هل برنامج InstaShop الشبيه لبرنامج طلبات مقاطعة؟,unsure,,,,
303,3/8/2024,بريزيدن,Président,Président,https://almunajemfoods.com/ar/brands/president/,boycott,,,,
304,3/8/2024,لاغون,LaGOON,Seville / iGLOO,"بسكويت جوز الهند مغطى بنكهة الشوكولاتة 
صنع بواسطة منتجات سيفيل المحدودة (ش.ذ.م.م)
العلامة التجارية على الغلاف : IGLOO
بلد المنشأ : الإمارات العربية المتحدة ",unsure,,,,
305,3/8/2024,نيو بالانس,New balance,لا أدري,موجود في موقع بدناش أنه مُقاطع,boycott,,,,
306,3/8/2024, دليس طبيعي,Délice Le Nature ,شركة دليس دانون,"https://delicedanone.com/yaourt/delice-nature/
https://www.google.com/amp/s/fr.timesofisrael.com/danone-met-35-m-de-dans-une-firme-israelienne-specialisee-dans-le-lait-de-culture/amp/",boycott,,,,
307,3/8/2024,دليس معطر,Délice Aromatisé  ,دليس دانون,https://www.google.com/amp/s/fr.timesofisrael.com/danone-met-35-m-de-dans-une-firme-israelienne-specialisee-dans-le-lait-de-culture/amp/,boycott,,,,
308,3/8/2024,دليس بتيت,P’tit Délice,دليس دانون,https://www.google.com/amp/s/fr.timesofisrael.com/danone-met-35-m-de-dans-une-firme-israelienne-specialisee-dans-le-lait-de-culture/amp/,boycott,,,,
309,3/8/2024,دليس بالغلال,Délice aux Fruits,دليس دانون,https://www.google.com/amp/s/fr.timesofisrael.com/danone-met-35-m-de-dans-une-firme-israelienne-specialisee-dans-le-lait-de-culture/amp/,boycott,,,,
311,3/11/2024,إيفا سموكرز,Eva Smokers,Eva Cosmetics,معجون أسنان,alternative,,,,
313,"3/11/2024, 4/26/2024",دى جى كير,DG CARE,"Al Esraa Pharmaceutical Optima, الإسراء فارماسيوتيكال أوبتيما",معجون أسنان | إنتاج مصرى 100%,"boycott, alternative",,,,
314,3/12/2024,نوت ثري.كوم ,myNot3.com ,Not3,منتج محلي مصري ناشئ يدعم القضية الفلسطينية بكل قوة.,alternative,,,,
315,3/12/2024,كوكي ,koki,Americana ,أسست الشركة في الكويت في عام 1964، وكانت مدرجة في سوق الكويت للأوراق المالية منذ عام 1984 حتى انسحابها منه في عام 2018. وكان أكبر المساهمين فيها شركة الخير الوطنية للاسهم والعقارات (المملوكة بالكامل لمجموعة الخرافي) بـ58.69 % وتم الاستحوذ على الشركة من قبل مجموعة أديبتيو القابضة المحدودة وتعود ملكيتها إلى صندوق الاستثمارات العامة السعودي والمستثمر الإماراتي محمد بن علي بن راشد العبّار.,boycott,,,,
317,3/12/2024,العلالي,Alali,السعودية ,هل خذي الماركة.داعمة؟,boycott,,,,
321,3/14/2024,راديون,Radeon ,AMD,AMD منافس INTEL و NVIDIA في مجال المعالجات الحاسوبية,unsure,,,,
322,3/14/2024,شوفانو,Chovano,أراشي فودز,ما أعرفه هو أن شركة  -أراشي فودز- شركة مصرية وأنا أشتريه بشكل كبير فكنت أريد معرفة إذا ما كان مقاطعة أم لا وشكراً جزيلاً لكم .,alternative,,,,
323,3/15/2024,أحمد تى - شاى أحمد,Ahmed Tea,Ahmed Tea,شاى أحمد ، شركة شاى كانت ايرانية وأصبحت إنجليزية,unsure,,,,
324,3/15/2024,اسبرين (دواء),Aspirin (medication),Bayer,نشرة مقاطعة من نقابة الصيادلة الاردنية,boycott,,,,
325,3/15/2024,بسومي للالكترونيات,BESOMI ELECTRONICS,-,"الشركة تتعامل مع Edge Group للمقاولات العسكرية و الصناعات الحربية
و شركة EDGE Group متعاونة مع الكيان في تطوير بعض المنظومات الحربية الدفاعية منذ 2021",boycott,,,,
326,3/15/2024,ديادرمين,Diadermine,Henkel,شركة فرنسية ,boycott,,,,
329,3/15/2024, دي جي كير,DG CARE,Al Esraa pharmaceutical optima,معجون اسنان,alternative,,,,
330,3/16/2024,سويتكوين,Sweatcoin • Walking step counter,Sweatco Ltd,"مبتدعمش ولا تعرف حاجة عن فلسطين أو غزة
https://sweatco.in/",boycott,,,,
331,3/17/2024,بياتو,Piatto,؟؟؟؟,مطعم إيطالي الهوية,unsure,,,,
333,3/18/2024,مراد,Gddfhgf,بديل,"تلبب


نالر رة",alternative,,,,
334,3/18/2024,لبنيتا,Labanita,شركة منصور للأغذية,منتج بديل للزبادي و الألبان و الأجبان,alternative,,,,
335,3/18/2024,حليب بالهنا,Belhana,شركة منصور للتجارة و التوزيع,بديل للألبان الداعمة,alternative,,,,
336,3/19/2024,دانون ,Danone,Centrale,هي شركة فرنسية داعمة لإسرائيل ,boycott,,,,
337,"3/20/2024, 45396.90837",المسواك,"meswak, Miswak","dabur, دابر",معجون أسنان المسواك من شركة دابر ، شركة مصرية | معجون أسنان ,"alternative, unsure",,,,
338,3/21/2024,جبنة نادك,Nadec,شركة نادك,جبنة دهن,unsure,,,,
339,3/22/2024,مالبورو,Malboro,Fillip morris international ,شركة أمريكية...,boycott,,,,
340,3/22/2024,نيسلي ,Nestlé ,Nestlé ,شركة أمريكية ,boycott,,,,
341,3/22/2024,هيرشيز,Hersheys,HSY,شركة أمريكية ,boycott,,,,
342,3/22/2024,Asan,,"Asan, Naturz",بديل  | هل هذا المنتج يدعم الكيان او لا,boycott,,,,
345,3/28/2024,أديداس, Adidas,Adidas,"شركة اديداس اصدرت تصريح في بداية الحرب تدعم فيه اسرائيل في ألمانيا و حاليا تريد التبرع ب١٥٠ مليون لجمعية تدعم الصهيونية و اوقفت الشراكة مع المغني كاني ويست لدعمه فلسطين
المصدر:
https://www.google.com/amp/s/www.newarab.com/news/adidas-donate-150-million-pro-israel-adl%3famp",boycott,,,,
346,3/29/2024,رانج روفر,Range rover,Tatar motor,شركة بريطانية ,boycott,,,,
348,3/29/2024,دولتشي,Dolce,Edita,حلوى بطعم القهوة,unsure,,,,
350,3/30/2024,اجينوموتو,,اجينوموتو,اجينوموتو,unsure,,,,
353,3/31/2024,مواد غذائية,Alnaseam,Alnaseam ,شركة ليبية لإنتاج مشتقات الألبان (الحليب والزبادي ولبن العيران والأجبان والمثلجات ),alternative,,,,
354,3/31/2024,بن الفيومى,Alfayumi coffe,شركة بن الفيومى,منتج مصرى للقهوة,alternative,,,,
355,4/1/2024,لُ شا,Le chat,Henkel,"https://www.henkel.com/press-and-media/press-releases-and-kits/2021-01-07-henkel-invests-in-technology-start-up-feelit-1141594
تابع لشركة henkel التي لها فروع في إسرائيل ",boycott,,,,
356,4/2/2024,اورانج للإتصالات,Orange,اورانج الفرنسية,وهي شركة فرانس تليكوم SA سابقًا حيث أنها شركة تقدم خدمات المحمول والإنترنت. أنشئت العلامة في عام 1994 لصالح شبكة خدمات الهاتف المحمول في المملكة المتحدة التابعة لشركة هاتشيسون للاتصالات، وهي الشبكة التي قامت فرانس تيليكوم بشرائها وامتلاكها في أغسطس 2000. وفي 2006، تم تغيير اسم مقدم خدمات الإنترنت المعروف آنذاك باسم وانادو (واندوو) لتدخل تحت شعار أورنج هي الأخرى. كانت أورنج العلامة التجارية الموحدة لمعظم الخدمات التي كانت تقدمها فرانس تيليكوم، إلى أن تم تغيير علامة مجموعة فرانس تيليكوم بالكامل إلى أورنج. تم تأسيس أورنج فرنسا في العام 2005 ويقع مقرها الرئيسي في باريس، فرنسا.,boycott,,,,
358,4/2/2024,شاهد,shahid,Mbc,"قيام مجموعة (MBC) بتوقيع اتفاقية بين منصتها ""شاهد"" وشركة ""بارتنر"" الإسرائيلية.",boycott,,,,
359,4/2/2024,واتش ات,whatch it, المتحدة للخدمات الإعلامية,WATCH IT هي خدمة فيديو حسب الطلب و خدمة البث المباشر التي تخدم الجمهور العربي في جميع أنحاء العالم بتجربة مشاهدة استثنائية لأفضل المحتوى العربي في الشرق ,boycott,,,,
360,4/4/2024,مكرونة الملكة ,,صافولا ,مكرونة الملكة ,boycott,,,,
361,4/4/2024,بريل ازيس, Péril Isis ,Henkel ,شركة ألمانيا ,boycott,,,,
362,4/4/2024,حياة ,Hayat ,Mansour Group ,منتج مصري ١٠٠٪ وأعلن تضامنه مع القضية الفلسطينية ,alternative,,,,
364,4/4/2024,لينا كلين,Lina clean,Lina,منتج لغسيل الأواني و الصحون ,alternative,,,,
366,4/4/2024,سليم,Slim,Hamoud Boualem ,مشروب غازي ,alternative,,,,
367,4/4/2024,حمود كولا,Hamoud kola,Hamoud Boualem ,مشروب غازي,alternative,,,,
369,45387.96898,لونا,Luna lip therapy ,لونا ,مرطب شفاه لونا المعالج ,alternative,,,,
370,45389.69746,المنيوز ,elmenus ,elmenus,بديل طلبات,alternative,,,,
371,45389.69827,ويفر رولز,wafer rolls,Jamma ,بديل فلوتس,alternative,,,,
372,45389.82567,وير آب,Whereapp,whereapp ,بديل أوبر,alternative,,,,
376,45391.11578,بنادول,Panadol,GSK,"شركة مقرها في لندن (مش متأكدة إذا جنسيتها الأصلية بريطانية) لكنهم أعلنوا على موقعهم الرسمي بدعمهم لإسرائيل، تحديدًا ""ضحايا"" هجمات حماس على إسرائيل وتوفير الإسعافات الأولية والخدمات الطبية الطارئة في إسرائيل، رابط المقال بتاعهم على الموقع الرسمي:
https://www.gsk.com/en-gb/media/our-response-to-the-crisis-in-israel-and-gaza/",boycott,,,,
377,45391.13453,سباتس,spuds ,trop food,"منتج مصري
",alternative,,,,
379,45392.84839,ايبال,Epal,الفارس فودز,عصائر ,unsure,,,,
380,45392.89433,احمد تى ,Ahmed tea ,نسلا ,بريطانيه ,boycott,,,,
381,45393.52509,هونداي,Hyundai,Hyundai Motors,شاحنات البناء,boycott,,,,
382,45394.64033,كامينا,Kamena,Kamena,شركة مصرية مختصة بصنعة المنتجات الكيميائية من شامبو و صابون وتوابل ,boycott,,,,
383,45395.7036,كاتشب داينوز,Dino's ketchup,BCF - Birds cage for Food Industries,"شركة بيردز كيج للصناعات الغذائية
تمتلك 3 علامات تجارية مُميزة، وهم (Zazio- NERO- DINO’S)

رئيس مجلس الإدارة: م. أمجد زهران.

معرفش كتر من كدة، فلو في فرصة للتأكد كرمًا ..",unsure,,,,
384,"45395.80526, 4/18/2024",دجاج كوكي,"Koki, koki",Americana Group,منتج مصنع من أمريكانا جروب | تابع لشركة Americana ,boycott,,,,
387,"4/15/2024, 5/14/2024",سيناي,cynay.com,"Cynay , Mohamed ALM","محرك بحث مصري صنعه Mohamed Alm داعم للقضية الفلسطينية | محرك بحث مصري داعم للقضية الفلسطينية 
cynay.com و يحترم خصوصية المستخدم 
linkedin : https://eg.linkedin.com/in/theonlyalm?trk=org-employees
instagram : https://www.instagram.com/cynay.official/",alternative,,,,
388,4/16/2024,رشيدي الميزان,rasheedy elmezan,El Rashidi El Mizan,"تم تأسيسها سنة 1889 من قبل محمد حسين الرشيدي 
تاريخ الشركة من موقعها الرسمي : https://www.elrashidielmizan.net/en/content/our-history
ومصنع الشركة يقع في : القطعة 38و39 المنطقة الصناعية الثانية, السادس من اكتوبر, الجيزة
و دا لنك موقعه الجغرافي : https://maps.app.goo.gl/Ddoc8dA5qLTGfEyg6",alternative,,,,
389,4/16/2024,البوادي,elbawady,Harvest Foods,"شركة البوادي تابعة لشركة harvest foods كما تصرح علي صفحتها الرسمية علي فيسبوك : 
https://www.facebook.com/ElBawadiEg/
كما ان شركة harvest foods المذكورة هي شركة مصرية تأسست قبل عقدين من الزمان في سنة 1998 
https://www.harvestfoods.com.eg/ 
والشركة وان كانت -كما تزعم علي الاقل- تصدر منتجاتت الي اكثر من 20 دولة الا انها مصرية فيما يبدو 
وليس لي علم باسهمهم في البورصة او شركائهم ولكن لا يبدو ان هناك شراكة بينهم وبين شركة اجنبية والله اعلم",alternative,,,,
391,4/18/2024,بروتين بيتس,Protein bites,Kayy,سناكس بروتيني,unsure,,,,
392,4/18/2024,Vodafone,Vodafone,Vodafone,"قدمت شركة فودافون اعتذارًا بعد أن تلقى عملاؤها رسائل ترحيبية عند هبوطهم في الأراضي الفلسطينية المحتلة (إسرائيل)، تضمنت عبارة ""مرحبا بكم في فلسطين"".

وقال متحدث باسم الشركة إن رسائل الترحيب النصية مؤتمتة بالكامل"" وتم إرسالها عن طريق الخطأ، مضيفًا: ""نحن نعتذر عن أي إساءة أو ضغوط سببتها تلك الرسائل للإسرائيليين"".

الخبر من الجزيرة:
https://www.instagram.com/p/C55uLVsNZhk/",boycott,,,,
393,4/18/2024,فان داي,Funday,Funday,هذه الشركة تصنع منتجات جميلة لكن لا اعلم هل هي داعمة ام مصرية قرأت بوست علي الفيسبوك انها مصرية,unsure,,,,
394,4/19/2024,هيمالايا معجون أسنان عشبي ,himalaya  herbal toothpaste,	Himalaya Drug Company,https://en.wikipedia.org/wiki/Himalaya_Wellness_Company,alternative,,,,
395,4/19/2024,aaa,aaaa,aaaaa,aaaaa,boycott,,,,
396,4/21/2024,كولد ستون كريمي,Cold stone creamy,MTY Food Group,شركة كندية والاولى عدم الشراء منهم,boycott,,,,
397,4/21/2024,خبز التوست أبيض,SSLICED BREAD WHITE,لوزين,لوزين إحدى شركات المراعي,unsure,,,,
398,4/22/2024,دابل دير,Double Dear,Mix Tender,غير متأكد من هذا المنتج هل داعم ام لا ,unsure,,,,
399,4/23/2024,لارا مناديل مبللة لإزالة المكياج (الوجه والعين), Lara Make-Up Remover Wet Wipes (Face &Eye),Lara Care,لارا مناديل مبللة لإزالة المكياج ,unsure,,,,
401,4/24/2024,جلاكسي,Glagsy,esraeel,من شركه اسرائيل ,boycott,,,,
403,4/26/2024,اكس بوكس,Xbox,Microsoft ,جهاز gaming ,unsure,,,,
404,4/26/2024,بلايستيشن,Playstation ,Sony,جهاز العاب,unsure,,,,
406,4/28/2024,مطعم تيكا,Tika restaurant ,Americana group,تابع لشركة Americana group الداعمة للكيان الصهيوني و المالكة لعدة اسماء و مطاعم داعمة ايضا للكيان,boycott,,,,
409,5/1/2024,دولسي,Dolce,سوسيتيه دي برودوي نستله إس إيه - فيفي - سويسرا,عايزة أعرف هو مقاطعة ولا بديل؟,unsure,,,,
410,5/2/2024,عصير راني,Rani,http://www.aujan.com,"Aujan Coca-Cola Beverages Company and Rani Refreshments were established following a partnership between The Coca-Cola Company and Aujan’s beverage business

برجاء مراجعة الخاص بالشركة (our history) ستجدون أن هناك شراكة منذ ٢٠١٢ مع كوكا كولا 

رجاءا إدراج كل منتجات الشركة تحت تصنيف (داعم)",boycott,,,,
411,5/2/2024,شيبسيكو,Chipseco,شركة الجوهرة,يقولون ان منتج مصرية 100%,unsure,,,,
412,5/4/2024,دراغون بول زينوفيرس 2,Dragon ball xenoverse 2,Bandai ,لعبة gaming ,unsure,,,,
413,5/4/2024,أكوا تاب,aqua,الشركة العربية لمعالجة وتعبئة مياة الشرب,هل هي مقاطعة ولا لا؟,unsure,,,,
414,5/5/2024,كارا تية, Krtyiy, شبسي,"اسرءىل
",boycott,,,,
416,5/5/2024,آيس كوفى - هيلثى,Ice-Coffe Healthy,Healthy,هذا المنتج غير داعم . ,alternative,,,,
417,5/7/2024,تيك تاك,tic tac,tic tac  ,معرفش ,unsure,,,,
418,5/9/2024,بسكويت او جي جراندما,Original Grandmas Biscuits,سينيوريتا,اتأكدو من دا يا جماعة,unsure,,,,
420,5/13/2024,ديري ميلك,Dairy milk,Cadbury,من شركة cadbury لكن الشوكولاته معروفة باسم dairy milk اكثر فيجب ارفاقها,boycott,,,,
422,5/15/2024,الجليسرين,Glycerin ,Glycerin ,صنع في الهند ,boycott,,,,
425,45428.74667,سبايسي,Spysi,Kamena,خلطة شاورما,unsure,,,,
427,45430.75632,مونين,MONIN,MONIN,لقد تعاقدت هذه الشركة مع الكيان الصهيوني,boycott,,,,
428,45431.81421,بونجورنو ,Bonjorno,نستله,تعتبر نستلة شركة مطبعة لها أسهم في شركة رجال أعمال إسرائيلين، ولديها مركز للأبحاث والتطوير مقره في مستوطنة سديروت التي حررها المجاهدون قبل فترة.,boycott,,,,
429,45431.8165,بلند ,blend ,Blend coffee factory ,شركة مصرية بتعمل قهوة اسبريسو و نسكافيه و فلتر كوفي ,alternative,,,,
430,45431.81973,سيلاز ,Seelaz ,Seelaz ,شركة مصرية بتعمل بن تركي و قهوة اسبريسو و نسكافيه بأطعم ,alternative,,,,
432,45433.80553,عسل امتنان ,Imtenan ,شركة إمتنان لصناعات المواد الغذائية ,شركة إمتنان تصنع العسل منتج اساسي و بعض المنتجات الغذائية الأخري مثل البن و الفواكه المجففه ...الخ ظهرت في سوق المصرية كماركه في عام 1984و هي مصرية ولكن يقال بأنه هناك قليل جدا من الأسهم ليس مصرياً ,unsure,,,,
433,45434.02187,أقوابيورتى,Aquapurity ,رتش لاند,مياه غازية,unsure,,,,
434,45434.02287,أقوا دلتا,Aqua delta,Wapco,مياه غازية,unsure,,,,
435,45436.49578,ديتول,Dettol,Reckitt Benckiser,علامة تجارية لمستلزمات التنظيف والمطهرات والمعقمات، بدأت عام 1932 والشركة مملوكة لشركة ريكيت البريطانية. في ألمانيا يباع تحت اسم ساغروتان,unsure,,,,
437,45439.82101,Degree,Degree Clinical protection,Unilever,الشركه الام المفروض مقاطعه لكن ده المنتج الطبي الوحيد ف مصر من النوع ده,boycott,,,,
440,45441.55518,عصير بيتى,Beyti, بيتى,هو عربى تقريبا بس عاوزة اتاكد ولكن معرفش تفاصيل,unsure,,,,
443,,ياهوووه,Yahoo,Faragalla Group,مجموعة فرج الله المملوكة لفرج عامر بتصدر مواد غذائية للسوق الإسرائيلي https://thenewkhalij.news/article/148331/%D8%B3%D9%8A%D8%A7%D8%B3%D8%A9-%D8%AD%D9%85%D9%84%D8%A9-%D9%85%D8%B5%D8%B1%D9%8A%D8%A9-%D9%84%D9%85%D9%82%D8%A7%D8%B7%D8%B9%D8%A9-%D8%B4%D8%B1%D9%83%D8%A9-%D9%81%D8%B1%D8%AC%D9%84%D9%84%D9%88-%D9%84%D8%AA%D8%B5%D8%AF%D9%8A%D8%B1%D9%87%D8%A7-%D8%A7%D9%84%D9%85%D9%84%D9%88%D8%AE%D9%8A%D8%A9-%D8%A5%D9%84%D9%89-%D8%A5%D8%B3%D8%B1%D8%A7%D8%A6%D9%8A%D9%84,Boycott,,داعم,مجموعة فرج الله المملوكة لفرج عامر بتصدر مواد غذائية للسوق الإسرائيلي https://thenewkhalij.news/article/148331/%D8%B3%D9%8A%D8%A7%D8%B3%D8%A9-%D8%AD%D9%85%D9%84%D8%A9-%D9%85%D8%B5%D8%B1%D9%8A%D8%A9-%D9%84%D9%85%D9%82%D8%A7%D8%B7%D8%B9%D8%A9-%D8%B4%D8%B1%D9%83%D8%A9-%D9%81%D8%B1%D8%AC%D9%84%D9%84%D9%88-%D9%84%D8%AA%D8%B5%D8%AF%D9%8A%D8%B1%D9%87%D8%A7-%D8%A7%D9%84%D9%85%D9%84%D9%88%D8%AE%D9%8A%D8%A9-%D8%A5%D9%84%D9%89-%D8%A5%D8%B3%D8%B1%D8%A7%D8%A6%D9%8A%D9%84,مشروبات
444,,فرجلو عصير,Faragalla,Faragalla Group,مجموعة فرج الله المملوكة لفرج عامر بتصدر مواد غذائية للسوق الإسرائيلي https://thenewkhalij.news/article/148331/%D8%B3%D9%8A%D8%A7%D8%B3%D8%A9-%D8%AD%D9%85%D9%84%D8%A9-%D9%85%D8%B5%D8%B1%D9%8A%D8%A9-%D9%84%D9%85%D9%82%D8%A7%D8%B7%D8%B9%D8%A9-%D8%B4%D8%B1%D9%83%D8%A9-%D9%81%D8%B1%D8%AC%D9%84%D9%84%D9%88-%D9%84%D8%AA%D8%B5%D8%AF%D9%8A%D8%B1%D9%87%D8%A7-%D8%A7%D9%84%D9%85%D9%84%D9%88%D8%AE%D9%8A%D8%A9-%D8%A5%D9%84%D9%89-%D8%A5%D8%B3%D8%B1%D8%A7%D8%A6%D9%8A%D9%84,Boycott,,داعم,مجموعة فرج الله المملوكة لفرج عامر بتصدر مواد غذائية للسوق الإسرائيلي https://thenewkhalij.news/article/148331/%D8%B3%D9%8A%D8%A7%D8%B3%D8%A9-%D8%AD%D9%85%D9%84%D8%A9-%D9%85%D8%B5%D8%B1%D9%8A%D8%A9-%D9%84%D9%85%D9%82%D8%A7%D8%B7%D8%B9%D8%A9-%D8%B4%D8%B1%D9%83%D8%A9-%D9%81%D8%B1%D8%AC%D9%84%D9%84%D9%88-%D9%84%D8%AA%D8%B5%D8%AF%D9%8A%D8%B1%D9%87%D8%A7-%D8%A7%D9%84%D9%85%D9%84%D9%88%D8%AE%D9%8A%D8%A9-%D8%A5%D9%84%D9%89-%D8%A5%D8%B3%D8%B1%D8%A7%D8%A6%D9%8A%D9%85,مواد غذائية
445,,,Faragalla,Faragalla Group,مجموعة فرج الله المملوكة لفرج عامر بتصدر مواد غذائية للسوق الإسرائيلي https://thenewkhalij.news/article/148331/%D8%B3%D9%8A%D8%A7%D8%B3%D8%A9-%D8%AD%D9%85%D9%84%D8%A9-%D9%85%D8%B5%D8%B1%D9%8A%D8%A9-%D9%84%D9%85%D9%82%D8%A7%D8%B7%D8%B9%D8%A9-%D8%B4%D8%B1%D9%83%D8%A9-%D9%81%D8%B1%D8%AC%D9%84%D9%84%D9%88-%D9%84%D8%AA%D8%B5%D8%AF%D9%8A%D8%B1%D9%87%D8%A7-%D8%A7%D9%84%D9%85%D9%84%D9%88%D8%AE%D9%8A%D8%A9-%D8%A5%D9%84%D9%89-%D8%A5%D8%B3%D8%B1%D8%A7%D8%A6%D9%8A%D9%84,Boycott,,داعم,مجموعة فرج الله المملوكة لفرج عامر بتصدر مواد غذائية للسوق الإسرائيلي https://thenewkhalij.news/article/148331/%D8%B3%D9%8A%D8%A7%D8%B3%D8%A9-%D8%AD%D9%85%D9%84%D8%A9-%D9%85%D8%B5%D8%B1%D9%8A%D8%A9-%D9%84%D9%85%D9%82%D8%A7%D8%B7%D8%B9%D8%A9-%D8%B4%D8%B1%D9%83%D8%A9-%D9%81%D8%B1%D8%AC%D9%84%D9%84%D9%88-%D9%84%D8%AA%D8%B5%D8%AF%D9%8A%D8%B1%D9%87%D8%A7-%D8%A7%D9%84%D9%85%D9%84%D9%88%D8%AE%D9%8A%D8%A9-%D8%A5%D9%84%D9%89-%D8%A5%D8%B3%D8%B1%D8%A7%D8%A6%D9%8A%D9%86,مواد غذائية
